Taxa_NCBI	superkingdom	kingdom	clade	phylum	class	order	family	genus	species	strain
2160	Archaea		Methanomada group	Euryarchaeota	Methanobacteria	Methanobacteriales	Methanobacteriaceae	Methanobacterium		
2	Bacteria									
1938	Bacteria		Terrabacteria group	Actinomycetota	Actinomycetes	Kitasatosporales	Streptomycetaceae	Streptomyces	Streptomyces viridochromogenes	
84112	Bacteria		Terrabacteria group	Actinomycetota	Coriobacteriia	Eggerthellales	Eggerthellaceae	Eggerthella	Eggerthella lenta	
104087	Bacteria			Pseudomonadota	Gammaproteobacteria	Pseudomonadales	Pseudomonadaceae	Pseudomonas	Pseudomonas frederiksbergensis	
1931	Bacteria		Terrabacteria group	Actinomycetota	Actinomycetes	Kitasatosporales	Streptomycetaceae	Streptomyces	Streptomyces sp.	
349741	Bacteria		PVC group	Verrucomicrobiota	Verrucomicrobiia	Verrucomicrobiales	Akkermansiaceae	Akkermansia	Akkermansia muciniphila	Akkermansia muciniphila ATCC BAA-835
1498	Bacteria		Terrabacteria group	Bacillota	Clostridia	Eubacteriales	Clostridiaceae	Hathewaya	Hathewaya histolytica	
1796621	Bacteria		Terrabacteria group	Bacillota	Clostridia	Peptostreptococcales	Peptostreptococcaceae	Paraclostridium	Paraclostridium sordellii	
853	Bacteria		Terrabacteria group	Bacillota	Clostridia	Eubacteriales	Oscillospiraceae	Faecalibacterium	Faecalibacterium prausnitzii	
1117	Bacteria		Cyanobacteriota/Melainabacteria group	Cyanobacteriota						
122355	Bacteria			Pseudomonadota	Gammaproteobacteria	Pseudomonadales	Pseudomonadaceae	Pseudomonas	Pseudomonas psychrophila	
1883	Bacteria		Terrabacteria group	Actinomycetota	Actinomycetes	Kitasatosporales	Streptomycetaceae	Streptomyces		
1813	Bacteria		Terrabacteria group	Actinomycetota	Actinomycetes	Pseudonocardiales	Pseudonocardiaceae	Amycolatopsis		
1079985	Bacteria		Terrabacteria group	Actinomycetota	Actinomycetes	Kitasatosporales	Streptomycetaceae	Streptomyces	Streptomyces chartreusis	Streptomyces chartreusis NRRL 3882
457425	Bacteria		Terrabacteria group	Actinomycetota	Actinomycetes	Kitasatosporales	Streptomycetaceae	Streptomyces	Streptomyces albus	Streptomyces albus J1074
1896961	Bacteria		Terrabacteria group	Actinomycetota	Actinomycetes	Pseudonocardiales	Pseudonocardiaceae	Amycolatopsis	Amycolatopsis sp. AA4	
1081613	Bacteria		Terrabacteria group	Actinomycetota	Actinomycetes	Kitasatosporales	Streptomycetaceae	Streptomyces	Streptomyces albus	Streptomyces albus subsp. albus DSM 41398
1280	Bacteria		Terrabacteria group	Bacillota	Bacilli	Bacillales	Staphylococcaceae	Staphylococcus	Staphylococcus aureus	
1396	Bacteria		Terrabacteria group	Bacillota	Bacilli	Bacillales	Bacillaceae	Bacillus	Bacillus cereus	
985078	Bacteria			Pseudomonadota	Betaproteobacteria	Burkholderiales	Burkholderiaceae	Burkholderia	Burkholderia multivorans	Burkholderia multivorans CF2
32008	Bacteria			Pseudomonadota	Betaproteobacteria	Burkholderiales	Burkholderiaceae	Burkholderia		
395019	Bacteria			Pseudomonadota	Betaproteobacteria	Burkholderiales	Burkholderiaceae	Burkholderia	Burkholderia multivorans	Burkholderia multivorans ATCC 17616
1423	Bacteria		Terrabacteria group	Bacillota	Bacilli	Bacillales	Bacillaceae	Bacillus	Bacillus subtilis	
562	Bacteria			Pseudomonadota	Gammaproteobacteria	Enterobacterales	Enterobacteriaceae	Escherichia	Escherichia coli	
350701	Bacteria			Pseudomonadota	Betaproteobacteria	Burkholderiales	Burkholderiaceae	Burkholderia	Burkholderia dolosa	Burkholderia dolosa AU0158
573	Bacteria			Pseudomonadota	Gammaproteobacteria	Enterobacterales	Enterobacteriaceae	Klebsiella	Klebsiella pneumoniae	
997888	Bacteria		Bacteroidota/Chlorobiota group	Bacteroidota	Bacteroidia	Bacteroidales	Bacteroidaceae	Bacteroides	Bacteroides finegoldii	Bacteroides finegoldii CL09T03C10
271848	Bacteria			Pseudomonadota	Betaproteobacteria	Burkholderiales	Burkholderiaceae	Burkholderia	Burkholderia thailandensis	Burkholderia thailandensis E264
742740	Bacteria		Terrabacteria group	Bacillota	Clostridia	Lachnospirales	Lachnospiraceae	Lachnoclostridium	[Clostridium] symbiosum	[Clostridium] symbiosum WAL-14163
665944	Bacteria			Pseudomonadota	Gammaproteobacteria	Enterobacterales	Enterobacteriaceae	Klebsiella	Klebsiella sp. 4_1_44FAA	
546	Bacteria			Pseudomonadota	Gammaproteobacteria	Enterobacterales	Enterobacteriaceae	Citrobacter	Citrobacter freundii	
1285934	Bacteria		Terrabacteria group	Bacillota	Negativicutes	Veillonellales	Veillonellaceae	Megasphaera	Megasphaera sp. DNF00912	
53345	Bacteria		Terrabacteria group	Bacillota	Bacilli	Lactobacillales	Enterococcaceae	Enterococcus	Enterococcus durans	
742739	Bacteria		Terrabacteria group	Bacillota	Clostridia	Eubacteriales	Clostridiaceae	Clostridium	Clostridium perfringens	Clostridium perfringens WAL-14572
1073355	Bacteria		Terrabacteria group	Bacillota	Clostridia	Eubacteriales	Clostridiaceae	Clostridium	Clostridium cadaveris	Clostridium cadaveris CC40_001C
1872530	Bacteria		Terrabacteria group	Bacillota	Clostridia	Lachnospirales	Lachnospiraceae	Anaerostipes	Anaerostipes sp.	
936562	Bacteria			Fusobacteriota	Fusobacteriia	Fusobacteriales	Fusobacteriaceae	Fusobacterium	Fusobacterium sp. CM21	
596317	Bacteria		Terrabacteria group	Bacillota	Bacilli	Bacillales	Staphylococcaceae	Staphylococcus	Staphylococcus epidermidis	Staphylococcus epidermidis SK135
985079	Bacteria			Pseudomonadota	Betaproteobacteria	Burkholderiales	Burkholderiaceae	Burkholderia	Burkholderia multivorans	Burkholderia multivorans ATCC BAA-247
765080	Bacteria		Terrabacteria group	Actinomycetota	Actinomycetes	Propionibacteriales	Propionibacteriaceae	Cutibacterium	Cutibacterium acnes	Cutibacterium acnes HL110PA4
1161416	Bacteria		Terrabacteria group	Bacillota	Bacilli	Lactobacillales	Streptococcaceae	Streptococcus	Streptococcus sp. SR1	
559301	Bacteria		Terrabacteria group	Bacillota	Bacilli	Lactobacillales	Lactobacillaceae	Lactobacillus	Lactobacillus gasseri	Lactobacillus gasseri MV-22
1073357	Bacteria		Terrabacteria group	Bacillota	Clostridia	Eubacteriales	Clostridiaceae	Clostridium	Clostridium cadaveris	Clostridium cadaveris CC88A
997874	Bacteria		Bacteroidota/Chlorobiota group	Bacteroidota	Bacteroidia	Bacteroidales	Bacteroidaceae	Bacteroides	Bacteroides cellulosilyticus	Bacteroides cellulosilyticus CL02T12C19
525341	Bacteria		Terrabacteria group	Bacillota	Bacilli	Lactobacillales	Lactobacillaceae	Limosilactobacillus	Limosilactobacillus reuteri	Limosilactobacillus reuteri CF48-3A
37734	Bacteria		Terrabacteria group	Bacillota	Bacilli	Lactobacillales	Enterococcaceae	Enterococcus	Enterococcus casseliflavus	
562973	Bacteria		Terrabacteria group	Actinomycetota	Actinomycetes	Actinomycetales	Actinomycetaceae	Actinomyces	Actinomyces viscosus	Actinomyces viscosus C505
1134827	Bacteria		Terrabacteria group	Bacillota	Bacilli	Lactobacillales	Enterococcaceae	Enterococcus	Enterococcus faecium	Enterococcus faecium ERV99
469588	Bacteria		Bacteroidota/Chlorobiota group	Bacteroidota	Bacteroidia	Bacteroidales	Bacteroidaceae	Bacteroides	Bacteroides sp. 2_1_22	
1088720	Bacteria		Terrabacteria group	Bacillota	Bacilli	Lactobacillales	Lactobacillaceae	Lacticaseibacillus	Lacticaseibacillus rhamnosus	Lacticaseibacillus rhamnosus ATCC 8530
596326	Bacteria		Terrabacteria group	Bacillota	Bacilli	Lactobacillales	Lactobacillaceae	Lactobacillus	Lactobacillus jensenii	Lactobacillus jensenii 208-1
1357382	Bacteria		Terrabacteria group	Actinomycetota	Actinomycetes	Bifidobacteriales	Bifidobacteriaceae	Bifidobacterium	Bifidobacterium angulatum	Bifidobacterium angulatum F16_22
1884818	Bacteria			Pseudomonadota	Gammaproteobacteria	Enterobacterales	Enterobacteriaceae	Escherichia	Escherichia sp.	
1579	Bacteria		Terrabacteria group	Bacillota	Bacilli	Lactobacillales	Lactobacillaceae	Lactobacillus	Lactobacillus acidophilus	
1590	Bacteria		Terrabacteria group	Bacillota	Bacilli	Lactobacillales	Lactobacillaceae	Lactiplantibacillus	Lactiplantibacillus plantarum	
287	Bacteria			Pseudomonadota	Gammaproteobacteria	Pseudomonadales	Pseudomonadaceae	Pseudomonas	Pseudomonas aeruginosa	
850	Bacteria			Fusobacteriota	Fusobacteriia	Fusobacteriales	Fusobacteriaceae	Fusobacterium	Fusobacterium mortiferum	
316435	Bacteria			Pseudomonadota	Gammaproteobacteria	Enterobacterales	Enterobacteriaceae	Escherichia	Escherichia coli	Escherichia coli Nissle 1917
457404	Bacteria			Fusobacteriota	Fusobacteriia	Fusobacteriales	Fusobacteriaceae	Fusobacterium	Fusobacterium ulcerans	Fusobacterium ulcerans 12-1B
1760	Bacteria		Terrabacteria group	Actinomycetota	Actinomycetes					
1761905	Bacteria		Terrabacteria group	Actinomycetota	Actinomycetes	Kitasatosporales	Streptomycetaceae	Streptomyces	Streptomyces sp. ok210	
2135728	Bacteria		Terrabacteria group	Actinomycetota	Actinomycetes	Mycobacteriales	Nocardiaceae	Rhodococcus	Rhodococcus sp. OK269	
226	Bacteria			Pseudomonadota	Gammaproteobacteria	Alteromonadales	Alteromonadaceae	Alteromonas		
1893	Bacteria		Terrabacteria group	Actinomycetota	Actinomycetes	Kitasatosporales	Streptomycetaceae	Streptomyces	Streptomyces atratus	
2512156	Bacteria		Terrabacteria group	Actinomycetota	Actinomycetes	Kitasatosporales	Streptomycetaceae	Streptomyces	Streptomyces sp. BK038	
2512123	Bacteria		Terrabacteria group	Actinomycetota	Actinomycetes	Kitasatosporales	Streptomycetaceae	Streptomyces	Streptomyces sp. BK022	
201174	Bacteria		Terrabacteria group	Actinomycetota						
2746	Bacteria			Pseudomonadota	Gammaproteobacteria	Oceanospirillales	Halomonadaceae	Halomonas	Halomonas elongata	
985075	Bacteria			Pseudomonadota	Betaproteobacteria	Burkholderiales	Burkholderiaceae	Burkholderia	Burkholderia cenocepacia	Burkholderia cenocepacia K56-2Sokol
216591	Bacteria			Pseudomonadota	Betaproteobacteria	Burkholderiales	Burkholderiaceae	Burkholderia	Burkholderia cenocepacia	Burkholderia cenocepacia J2315
286	Bacteria			Pseudomonadota	Gammaproteobacteria	Pseudomonadales	Pseudomonadaceae	Pseudomonas		
95486	Bacteria			Pseudomonadota	Betaproteobacteria	Burkholderiales	Burkholderiaceae	Burkholderia	Burkholderia cenocepacia	
587753	Bacteria			Pseudomonadota	Gammaproteobacteria	Pseudomonadales	Pseudomonadaceae	Pseudomonas	Pseudomonas chlororaphis	
1005443	Bacteria			Pseudomonadota	Gammaproteobacteria	Enterobacterales	Enterobacteriaceae	Escherichia	Escherichia coli	Escherichia coli 0.1197
629742	Bacteria		Terrabacteria group	Bacillota	Bacilli	Bacillales	Staphylococcaceae	Staphylococcus	Staphylococcus hominis	Staphylococcus hominis SK119
239935	Bacteria		PVC group	Verrucomicrobiota	Verrucomicrobiia	Verrucomicrobiales	Akkermansiaceae	Akkermansia	Akkermansia muciniphila	
216816	Bacteria		Terrabacteria group	Actinomycetota	Actinomycetes	Bifidobacteriales	Bifidobacteriaceae	Bifidobacterium	Bifidobacterium longum	
575607	Bacteria		Terrabacteria group	Bacillota	Bacilli	Lactobacillales	Lactobacillaceae	Lactobacillus	Lactobacillus jensenii	Lactobacillus jensenii SJ-7A-US
569	Bacteria			Pseudomonadota	Gammaproteobacteria	Enterobacterales	Hafniaceae	Hafnia	Hafnia alvei	
550	Bacteria			Pseudomonadota	Gammaproteobacteria	Enterobacterales	Enterobacteriaceae	Enterobacter	Enterobacter cloacae	
1354	Bacteria		Terrabacteria group	Bacillota	Bacilli	Lactobacillales	Enterococcaceae	Enterococcus	Enterococcus hirae	
1283	Bacteria		Terrabacteria group	Bacillota	Bacilli	Bacillales	Staphylococcaceae	Staphylococcus	Staphylococcus haemolyticus	
1352	Bacteria		Terrabacteria group	Bacillota	Bacilli	Lactobacillales	Enterococcaceae	Enterococcus	Enterococcus faecium	
435842	Bacteria		Terrabacteria group	Bacillota	Bacilli	Lactobacillales	Streptococcaceae	Streptococcus	Streptococcus sp. C150	
1351	Bacteria		Terrabacteria group	Bacillota	Bacilli	Lactobacillales	Enterococcaceae	Enterococcus	Enterococcus faecalis	
54291	Bacteria			Pseudomonadota	Gammaproteobacteria	Enterobacterales	Enterobacteriaceae	Raoultella	Raoultella ornithinolytica	
1282	Bacteria		Terrabacteria group	Bacillota	Bacilli	Bacillales	Staphylococcaceae	Staphylococcus	Staphylococcus epidermidis	
936556	Bacteria		Terrabacteria group	Bacillota	Clostridia	Peptostreptococcales	Peptostreptococcaceae		Peptostreptococcaceae bacterium AS15	
1401076	Bacteria		Terrabacteria group	Bacillota	Negativicutes	Veillonellales	Veillonellaceae	Megasphaera	Megasphaera micronuciformis	Megasphaera micronuciformis DNF00954
411481	Bacteria		Terrabacteria group	Actinomycetota	Actinomycetes	Bifidobacteriales	Bifidobacteriaceae	Bifidobacterium	Bifidobacterium adolescentis	Bifidobacterium adolescentis L2-32
742731	Bacteria		Terrabacteria group	Bacillota	Clostridia	Lachnospirales	Lachnospiraceae	Enterocloster	Enterocloster aldenensis	[Clostridium] aldenense WAL-18727
742736	Bacteria		Terrabacteria group	Bacillota	Clostridia	Lachnospirales	Lachnospiraceae	Enterocloster	Enterocloster clostridioformis	[Clostridium] clostridioforme WAL-7855
1271	Bacteria		Terrabacteria group	Actinomycetota	Actinomycetes	Micrococcales	Micrococcaceae	Micrococcus	Micrococcus sp.	
33959	Bacteria		Terrabacteria group	Bacillota	Bacilli	Lactobacillales	Lactobacillaceae	Lactobacillus	Lactobacillus johnsonii	
821	Bacteria		Bacteroidota/Chlorobiota group	Bacteroidota	Bacteroidia	Bacteroidales	Bacteroidaceae	Phocaeicola	Phocaeicola vulgatus	
435830	Bacteria		Terrabacteria group	Actinomycetota	Actinomycetes	Actinomycetales	Actinomycetaceae	Actinomyces	Actinomyces graevenitzii	Actinomyces graevenitzii C83
187327	Bacteria		Terrabacteria group	Bacillota	Negativicutes	Acidaminococcales	Acidaminococcaceae	Acidaminococcus	Acidaminococcus intestini	
765112	Bacteria		Terrabacteria group	Actinomycetota	Actinomycetes	Propionibacteriales	Propionibacteriaceae	Cutibacterium	Cutibacterium acnes	Cutibacterium acnes HL027PA2
596322	Bacteria		Terrabacteria group	Bacillota	Bacilli	Lactobacillales	Streptococcaceae	Streptococcus	Streptococcus salivarius	Streptococcus salivarius SK126
1073356	Bacteria		Terrabacteria group	Bacillota	Clostridia	Eubacteriales	Clostridiaceae	Clostridium	Clostridium cadaveris	Clostridium cadaveris CC44_001G
1270	Bacteria		Terrabacteria group	Actinomycetota	Actinomycetes	Micrococcales	Micrococcaceae	Micrococcus	Micrococcus luteus	
742737	Bacteria		Terrabacteria group	Bacillota	Clostridia	Lachnospirales	Lachnospiraceae	Hungatella	Hungatella hathewayi	Hungatella hathewayi WAL-18680
997873	Bacteria		Bacteroidota/Chlorobiota group	Bacteroidota	Bacteroidia	Bacteroidales	Bacteroidaceae	Bacteroides	Bacteroides caccae	Bacteroides caccae CL03T12C61
29387	Bacteria		Terrabacteria group	Bacillota	Bacilli	Bacillales	Staphylococcaceae	Staphylococcus	Staphylococcus sp.	
1924944	Bacteria		Bacteroidota/Chlorobiota group	Bacteroidota	Bacteroidia	Bacteroidales	Porphyromonadaceae	Porphyromonas	Porphyromonas sp.	
1203578	Bacteria			Pseudomonadota	Gammaproteobacteria	Pseudomonadales	Pseudomonadaceae	Pseudomonas	Pseudomonas sp. HPB0071	
324831	Bacteria		Terrabacteria group	Bacillota	Bacilli	Lactobacillales	Lactobacillaceae	Lactobacillus	Lactobacillus gasseri	Lactobacillus gasseri ATCC 33323 = JCM 1131
742735	Bacteria		Terrabacteria group	Bacillota	Clostridia	Lachnospirales	Lachnospiraceae	Enterocloster	Enterocloster clostridioformis	[Clostridium] clostridioforme 2_1_49FAA
571	Bacteria			Pseudomonadota	Gammaproteobacteria	Enterobacterales	Enterobacteriaceae	Klebsiella	Klebsiella oxytoca	
999419	Bacteria		Bacteroidota/Chlorobiota group	Bacteroidota	Bacteroidia	Bacteroidales	Tannerellaceae	Parabacteroides	Parabacteroides johnsonii	Parabacteroides johnsonii CL02T12C29
553212	Bacteria		Terrabacteria group	Bacillota	Bacilli	Bacillales	Staphylococcaceae	Staphylococcus	Staphylococcus capitis	Staphylococcus capitis SK14
1260	Bacteria		Terrabacteria group	Bacillota	Tissierellia	Tissierellales	Peptoniphilaceae	Finegoldia	Finegoldia magna	
585501	Bacteria		Terrabacteria group	Bacillota	Clostridia	Lachnospirales	Lachnospiraceae	Oribacterium	Oribacterium sinus	Oribacterium sinus F0268
936589	Bacteria		Terrabacteria group	Bacillota	Negativicutes	Veillonellales	Veillonellaceae	Veillonella	Veillonella sp. AS16	
749523	Bacteria		Terrabacteria group	Bacillota	Bacilli	Lactobacillales	Enterococcaceae	Enterococcus	Enterococcus faecium	Enterococcus faecium TX0133a04
858669	Bacteria		Terrabacteria group	Bacillota	Bacilli	Lactobacillales	Lactobacillaceae	Lactobacillus	Lactobacillus gasseri	Lactobacillus gasseri EX336960VC06
1750	Bacteria		Terrabacteria group	Actinomycetota	Actinomycetes	Propionibacteriales	Propionibacteriaceae	Arachnia	Arachnia propionica	
999414	Bacteria			Fusobacteriota	Fusobacteriia	Fusobacteriales	Fusobacteriaceae	Fusobacterium	Fusobacterium animalis	Fusobacterium animalis F0419
1134822	Bacteria		Terrabacteria group	Bacillota	Bacilli	Lactobacillales	Enterococcaceae	Enterococcus	Enterococcus faecium	Enterococcus faecium ERV165
858672	Bacteria		Terrabacteria group	Bacillota	Bacilli	Lactobacillales	Lactobacillaceae	Lactobacillus	Lactobacillus gasseri	Lactobacillus gasseri EX336960VC13
858670	Bacteria		Terrabacteria group	Bacillota	Bacilli	Lactobacillales	Lactobacillaceae	Lactobacillus	Lactobacillus gasseri	Lactobacillus gasseri EX336960VC07
1261066	Bacteria		Terrabacteria group	Actinomycetota	Actinomycetes	Bifidobacteriales	Bifidobacteriaceae	Gardnerella	Gardnerella vaginalis	Gardnerella vaginalis JCP8108
997829	Bacteria		Bacteroidota/Chlorobiota group	Bacteroidota	Bacteroidia	Bacteroidales	Porphyromonadaceae	Porphyromonas	Porphyromonas sp. KLE 1280	
936580	Bacteria		Terrabacteria group	Bacillota	Bacilli	Lactobacillales	Streptococcaceae	Streptococcus	Streptococcus sp. CM6	
858668	Bacteria		Terrabacteria group	Bacillota	Bacilli	Lactobacillales	Lactobacillaceae	Lactobacillus	Lactobacillus gasseri	Lactobacillus gasseri EX336960VC03
742738	Bacteria		Terrabacteria group	Bacillota	Clostridia	Eubacteriales	Oscillospiraceae	Flavonifractor	Flavonifractor plautii	Flavonifractor plautii 1_3_50AFAA
702437	Bacteria		Terrabacteria group	Bacillota	Negativicutes	Selenomonadales	Selenomonadaceae	Selenomonas	Selenomonas noxia	Selenomonas noxia F0398
1261063	Bacteria		Terrabacteria group	Actinomycetota	Actinomycetes	Bifidobacteriales	Bifidobacteriaceae	Gardnerella	Gardnerella pickettii	Gardnerella pickettii JCP8017B
858667	Bacteria		Terrabacteria group	Bacillota	Bacilli	Lactobacillales	Lactobacillaceae	Lactobacillus	Lactobacillus gasseri	Lactobacillus gasseri EX336960VC02
1390	Bacteria		Terrabacteria group	Bacillota	Bacilli	Bacillales	Bacillaceae	Bacillus	Bacillus amyloliquefaciens	
221126	Bacteria		Bacteroidota/Chlorobiota group	Bacteroidota	Flavobacteriia	Flavobacteriales	Flavobacteriaceae	Algibacter	Algibacter lectus	
454594	Bacteria			Pseudomonadota	Gammaproteobacteria	Lysobacterales	Lysobacteraceae	Xanthomonas	Xanthomonas citri	
49982	Bacteria		Terrabacteria group	Bacillota	Bacilli	Bacillales	Planococcaceae	Sporosarcina	Sporosarcina sp.	
1161409	Bacteria		Terrabacteria group	Actinomycetota	Actinomycetes	Bifidobacteriales	Bifidobacteriaceae	Bifidobacterium	Bifidobacterium sp. MSTE12	
1563158	Bacteria			Pseudomonadota	Gammaproteobacteria	Enterobacterales	Erwiniaceae	Erwinia	Erwinia endophytica	
665953	Bacteria		Bacteroidota/Chlorobiota group	Bacteroidota	Bacteroidia	Bacteroidales	Bacteroidaceae	Bacteroides	Bacteroides eggerthii	Bacteroides eggerthii 1_2_48FAA
997875	Bacteria		Bacteroidota/Chlorobiota group	Bacteroidota	Bacteroidia	Bacteroidales	Bacteroidaceae	Phocaeicola	Phocaeicola dorei	Phocaeicola dorei CL02T00C15
457387	Bacteria		Bacteroidota/Chlorobiota group	Bacteroidota	Bacteroidia	Bacteroidales	Bacteroidaceae	Bacteroides	Bacteroides sp. 1_1_30	
679191	Bacteria		Bacteroidota/Chlorobiota group	Bacteroidota	Bacteroidia	Bacteroidales	Prevotellaceae	Prevotella	Prevotella amnii	Prevotella amnii CRIS 21A-A
1596	Bacteria		Terrabacteria group	Bacillota	Bacilli	Lactobacillales	Lactobacillaceae	Lactobacillus	Lactobacillus gasseri	
457393	Bacteria		Bacteroidota/Chlorobiota group	Bacteroidota	Bacteroidia	Bacteroidales	Bacteroidaceae	Bacteroides	Bacteroides sp. 4_1_36	
1898207	Bacteria		Terrabacteria group	Bacillota	Clostridia	Eubacteriales			Clostridiales bacterium	
858694	Bacteria		Terrabacteria group	Actinomycetota	Actinomycetes	Bifidobacteriales	Bifidobacteriaceae	Bifidobacterium	Bifidobacterium breve	Bifidobacterium breve EX336960VC18
556260	Bacteria		Bacteroidota/Chlorobiota group	Bacteroidota	Bacteroidia	Bacteroidales	Bacteroidaceae	Phocaeicola	Phocaeicola dorei	Phocaeicola dorei 5_1_36/D4
997891	Bacteria		Bacteroidota/Chlorobiota group	Bacteroidota	Bacteroidia	Bacteroidales	Bacteroidaceae	Phocaeicola	Phocaeicola vulgatus	Phocaeicola vulgatus CL09T03C04
936576	Bacteria		Terrabacteria group	Bacillota	Bacilli	Lactobacillales	Streptococcaceae	Streptococcus	Streptococcus sp. ACS2	
904306	Bacteria		Terrabacteria group	Bacillota	Bacilli	Lactobacillales	Streptococcaceae	Streptococcus	Streptococcus vestibularis	Streptococcus vestibularis F0396
1203540	Bacteria		Terrabacteria group	Actinomycetota	Actinomycetes	Bifidobacteriales	Bifidobacteriaceae	Bifidobacterium	Bifidobacterium breve	Bifidobacterium breve HPH0326
858695	Bacteria		Terrabacteria group	Actinomycetota	Actinomycetes	Bifidobacteriales	Bifidobacteriaceae	Bifidobacterium	Bifidobacterium breve	Bifidobacterium breve EX336960VC19
1401067	Bacteria		Terrabacteria group	Bacillota	Negativicutes	Veillonellales	Veillonellaceae	Veillonella	Veillonella montpellierensis	Veillonella montpellierensis DNF00314
999440	Bacteria			Spirochaetota	Spirochaetia	Spirochaetales	Treponemataceae	Treponema	Treponema denticola	Treponema denticola US-Trep
1161413	Bacteria		Terrabacteria group	Bacillota	Bacilli	Lactobacillales	Streptococcaceae	Streptococcus	Streptococcus sp. ACC21	
679202	Bacteria			Pseudomonadota	Gammaproteobacteria	Enterobacterales	Enterobacteriaceae	Escherichia	Escherichia coli	Escherichia coli MS 85-1
1358	Bacteria		Terrabacteria group	Bacillota	Bacilli	Lactobacillales	Streptococcaceae	Lactococcus	Lactococcus lactis	
1073351	Bacteria		Bacteroidota/Chlorobiota group	Bacteroidota	Bacteroidia	Bacteroidales	Bacteroidaceae	Bacteroides	Bacteroides stercoris	Bacteroides stercoris CC31F
29523	Bacteria		Bacteroidota/Chlorobiota group	Bacteroidota	Bacteroidia	Bacteroidales	Bacteroidaceae	Bacteroides	Bacteroides sp.	
665952	Bacteria		Terrabacteria group	Bacillota	Bacilli	Bacillales	Bacillaceae	Bacillus	Bacillus smithii	Bacillus smithii 7_3_47FAA
596318	Bacteria			Pseudomonadota	Gammaproteobacteria	Moraxellales	Moraxellaceae	Acinetobacter	Acinetobacter radioresistens	Acinetobacter radioresistens SK82
1261061	Bacteria		Terrabacteria group	Actinomycetota	Actinomycetes	Bifidobacteriales	Bifidobacteriaceae	Gardnerella	Gardnerella pickettii	Gardnerella pickettii JCP7719
596309	Bacteria		Terrabacteria group	Actinomycetota	Actinomycetes	Mycobacteriales	Nocardiaceae	Rhodococcus	Rhodococcus erythropolis	Rhodococcus erythropolis SK121
1261059	Bacteria		Terrabacteria group	Actinomycetota	Actinomycetes	Bifidobacteriales	Bifidobacteriaceae	Gardnerella	Gardnerella pickettii	Gardnerella pickettii JCP7659
1292	Bacteria		Terrabacteria group	Bacillota	Bacilli	Bacillales	Staphylococcaceae	Staphylococcus	Staphylococcus warneri	
411470	Bacteria		Terrabacteria group	Bacillota	Clostridia	Lachnospirales	Lachnospiraceae	Mediterraneibacter	Mediterraneibacter gnavus	Mediterraneibacter gnavus ATCC 29149
765085	Bacteria		Terrabacteria group	Actinomycetota	Actinomycetes	Propionibacteriales	Propionibacteriaceae	Cutibacterium	Cutibacterium acnes	Cutibacterium acnes HL038PA1
665954	Bacteria		Bacteroidota/Chlorobiota group	Bacteroidota	Bacteroidia	Bacteroidales	Bacteroidaceae	Bacteroides	Bacteroides ovatus	Bacteroides ovatus 3_8_47FAA
563193	Bacteria		Bacteroidota/Chlorobiota group	Bacteroidota	Bacteroidia	Bacteroidales	Tannerellaceae	Parabacteroides	Parabacteroides sp. D13	
1134817	Bacteria		Terrabacteria group	Bacillota	Bacilli	Lactobacillales	Enterococcaceae	Enterococcus	Enterococcus faecium	Enterococcus faecium E417
1134820	Bacteria		Terrabacteria group	Bacillota	Bacilli	Lactobacillales	Enterococcaceae	Enterococcus	Enterococcus faecium	Enterococcus faecium ERV102
765090	Bacteria		Terrabacteria group	Actinomycetota	Actinomycetes	Propionibacteriales	Propionibacteriaceae	Cutibacterium	Cutibacterium acnes	Cutibacterium acnes HL025PA2
1261058	Bacteria		Terrabacteria group	Actinomycetota	Actinomycetes	Bifidobacteriales	Bifidobacteriaceae	Gardnerella	Gardnerella vaginalis	Gardnerella vaginalis JCP7276
1261062	Bacteria		Terrabacteria group	Actinomycetota	Actinomycetes	Bifidobacteriales	Bifidobacteriaceae	Gardnerella	Gardnerella pickettii	Gardnerella pickettii JCP8017A
33031	Bacteria		Terrabacteria group	Bacillota	Tissierellia	Tissierellales	Peptoniphilaceae	Peptoniphilus	Peptoniphilus lacrimalis	
858673	Bacteria		Terrabacteria group	Bacillota	Bacilli	Lactobacillales	Lactobacillaceae	Lactobacillus	Lactobacillus gasseri	Lactobacillus gasseri EX336960VC15
1073365	Bacteria		Terrabacteria group	Bacillota	Clostridia	Peptostreptococcales	Peptostreptococcaceae	Peptostreptococcus	Peptostreptococcus anaerobius	Peptostreptococcus anaerobius CC14N
742741	Bacteria		Terrabacteria group	Bacillota	Clostridia	Lachnospirales	Lachnospiraceae	Lachnoclostridium	[Clostridium] symbiosum	[Clostridium] symbiosum WAL-14673
979203	Bacteria		Terrabacteria group	Bacillota	Bacilli	Bacillales	Staphylococcaceae	Staphylococcus	Staphylococcus epidermidis	Staphylococcus epidermidis NIHLM067
2042683	Bacteria		Terrabacteria group	Actinomycetota	Coriobacteriia	Coriobacteriales	Atopobiaceae	Olsenella	Olsenella sp.	
294	Bacteria			Pseudomonadota	Gammaproteobacteria	Pseudomonadales	Pseudomonadaceae	Pseudomonas	Pseudomonas fluorescens	
2135699	Bacteria			Pseudomonadota	Betaproteobacteria	Burkholderiales	Burkholderiaceae	Paraburkholderia	Paraburkholderia sp. GV073	
2135753	Bacteria			Pseudomonadota	Gammaproteobacteria	Pseudomonadales	Pseudomonadaceae	Pseudomonas	Pseudomonas sp. GV058	
2587122	Bacteria			Pseudomonadota	Betaproteobacteria	Burkholderiales	Sphaerotilaceae	Roseateles	Mitsuaria sp. BK037	
2135577	Bacteria			Pseudomonadota	Gammaproteobacteria	Pseudomonadales	Pseudomonadaceae	Pseudomonas	Pseudomonas sp. GV062	
2135755	Bacteria			Pseudomonadota	Gammaproteobacteria	Pseudomonadales	Pseudomonadaceae	Pseudomonas	Pseudomonas sp. GV077	
1884384	Bacteria			Pseudomonadota	Betaproteobacteria	Burkholderiales	Comamonadaceae	Variovorax	Variovorax sp. YR750	
1881040	Bacteria		Bacteroidota/Chlorobiota group	Bacteroidota	Chitinophagia	Chitinophagales	Chitinophagaceae	Chitinophaga	Chitinophaga sp. YR573	
2135578	Bacteria			Pseudomonadota	Gammaproteobacteria	Pseudomonadales	Pseudomonadaceae	Pseudomonas	Pseudomonas sp. GV082	
2135581	Bacteria			Pseudomonadota	Gammaproteobacteria	Pseudomonadales	Pseudomonadaceae	Pseudomonas	Pseudomonas sp. GV101	
1761766	Bacteria		Terrabacteria group	Bacillota	Bacilli	Bacillales	Bacillaceae	Bacillus	Bacillus sp. ok061	
2135763	Bacteria		Bacteroidota/Chlorobiota group	Bacteroidota	Flavobacteriia	Flavobacteriales	Flavobacteriaceae	Flavobacterium	Flavobacterium sp. GV069	
2587124	Bacteria			Pseudomonadota	Betaproteobacteria	Burkholderiales	Sphaerotilaceae	Roseateles	Mitsuaria sp. BK045	
2135579	Bacteria			Pseudomonadota	Gammaproteobacteria	Pseudomonadales	Pseudomonadaceae	Pseudomonas	Pseudomonas sp. GV086	
2135754	Bacteria			Pseudomonadota	Gammaproteobacteria	Pseudomonadales	Pseudomonadaceae	Pseudomonas	Pseudomonas sp. GV071	
2135758	Bacteria			Pseudomonadota	Gammaproteobacteria	Pseudomonadales	Pseudomonadaceae	Pseudomonas	Pseudomonas sp. GV091	
2135762	Bacteria		Bacteroidota/Chlorobiota group	Bacteroidota	Flavobacteriia	Flavobacteriales	Flavobacteriaceae	Flavobacterium	Flavobacterium sp. GV063	
2512151	Bacteria		Terrabacteria group	Actinomycetota	Actinomycetes	Kitasatosporales	Streptomycetaceae	Streptomyces	Streptomyces sp. BK438	
58172	Bacteria		Terrabacteria group	Bacillota	Bacilli	Bacillales	Paenibacillaceae	Paenibacillus	Paenibacillus sp.	
267	Bacteria			Pseudomonadota	Alphaproteobacteria	Rhodobacterales	Paracoccaceae	Paracoccus	Paracoccus sp. (in: a-proteobacteria)	
356851	Bacteria		Terrabacteria group	Actinomycetota	Actinomycetes	Micromonosporales	Micromonosporaceae	Micromonospora	Micromonospora chokoriensis	
158877	Bacteria			Pseudomonadota	Gammaproteobacteria	Enterobacterales	Enterobacteriaceae	Yokenella	Yokenella regensburgei	
745277	Bacteria			Pseudomonadota	Gammaproteobacteria	Enterobacterales	Yersiniaceae	Rahnella	Rahnella aquatilis	Rahnella aquatilis CIP 78.65 = ATCC 33071
1386	Bacteria		Terrabacteria group	Bacillota	Bacilli	Bacillales	Bacillaceae	Bacillus		
303	Bacteria			Pseudomonadota	Gammaproteobacteria	Pseudomonadales	Pseudomonadaceae	Pseudomonas	Pseudomonas putida	
1478	Bacteria		Terrabacteria group	Bacillota	Bacilli	Bacillales	Bacillaceae	Peribacillus	Peribacillus simplex	
1285933	Bacteria		Terrabacteria group	Bacillota	Negativicutes	Veillonellales	Veillonellaceae	Megasphaera	Megasphaera sp. DNF00872	
1227275	Bacteria		Terrabacteria group	Bacillota	Bacilli	Lactobacillales	Streptococcaceae	Streptococcus	Streptococcus sobrinus	Streptococcus sobrinus W1703
244366	Bacteria			Pseudomonadota	Gammaproteobacteria	Enterobacterales	Enterobacteriaceae	Klebsiella	Klebsiella variicola	
525377	Bacteria		Terrabacteria group	Bacillota	Bacilli	Bacillales	Staphylococcaceae	Staphylococcus	Staphylococcus lugdunensis	Staphylococcus lugdunensis M23590
1161415	Bacteria		Terrabacteria group	Bacillota	Bacilli	Lactobacillales	Streptococcaceae	Streptococcus	Streptococcus sp. BS29a	
457395	Bacteria		Bacteroidota/Chlorobiota group	Bacteroidota	Bacteroidia	Bacteroidales	Bacteroidaceae	Bacteroides	Bacteroides sp. 9_1_42FAA	
1357384	Bacteria		Terrabacteria group	Bacillota	Clostridia	Christensenellales	Christensenellaceae	Christensenella	Christensenella hongkongensis	Christensenella hongkongensis AB8_9
562983	Bacteria		Terrabacteria group	Bacillota	Bacilli	Bacillales	Gemellaceae	Gemella	Gemella sanguinis	Gemella sanguinis M325
435838	Bacteria		Terrabacteria group	Bacillota	Bacilli	Bacillales	Staphylococcaceae	Staphylococcus	Staphylococcus capitis	Staphylococcus capitis C87
749531	Bacteria			Pseudomonadota	Gammaproteobacteria	Enterobacterales	Enterobacteriaceae	Escherichia	Escherichia coli	Escherichia coli MS 69-1
997883	Bacteria		Bacteroidota/Chlorobiota group	Bacteroidota	Bacteroidia	Bacteroidales	Bacteroidaceae	Bacteroides	Bacteroides fragilis	Bacteroides fragilis CL07T12C05
1161744	Bacteria		Terrabacteria group	Actinomycetota	Actinomycetes	Bifidobacteriales	Bifidobacteriaceae	Bifidobacterium	Bifidobacterium longum	Bifidobacterium longum subsp. longum 1-6B
679206	Bacteria			Pseudomonadota	Gammaproteobacteria	Enterobacterales	Enterobacteriaceae	Escherichia	Escherichia coli	Escherichia coli MS 119-7
997876	Bacteria		Bacteroidota/Chlorobiota group	Bacteroidota	Bacteroidia	Bacteroidales	Bacteroidaceae	Phocaeicola	Phocaeicola dorei	Phocaeicola dorei CL02T12C06
997877	Bacteria		Bacteroidota/Chlorobiota group	Bacteroidota	Bacteroidia	Bacteroidales	Bacteroidaceae	Phocaeicola	Phocaeicola dorei	Phocaeicola dorei CL03T12C01
435590	Bacteria		Bacteroidota/Chlorobiota group	Bacteroidota	Bacteroidia	Bacteroidales	Bacteroidaceae	Phocaeicola	Phocaeicola vulgatus	Phocaeicola vulgatus ATCC 8482
818	Bacteria		Bacteroidota/Chlorobiota group	Bacteroidota	Bacteroidia	Bacteroidales	Bacteroidaceae	Bacteroides	Bacteroides thetaiotaomicron	
1871042	Bacteria		Terrabacteria group	Actinomycetota	Actinomycetes	Micrococcales	Microbacteriaceae	Mycetocola	Mycetocola sp.	
457424	Bacteria		Bacteroidota/Chlorobiota group	Bacteroidota	Bacteroidia	Bacteroidales	Bacteroidaceae	Bacteroides	Bacteroides fragilis	Bacteroides fragilis 3_1_12
69392	Bacteria			Pseudomonadota	Gammaproteobacteria	Lysobacterales	Lysobacteraceae	Stenotrophomonas	Stenotrophomonas sp.	
483217	Bacteria		Bacteroidota/Chlorobiota group	Bacteroidota	Bacteroidia	Bacteroidales	Bacteroidaceae	Phocaeicola	Phocaeicola dorei	Phocaeicola dorei DSM 17855
1869344	Bacteria		Terrabacteria group	Actinomycetota	Actinomycetes	Micrococcales	Microbacteriaceae	Curtobacterium	Curtobacterium sp.	
1885016	Bacteria		Terrabacteria group	Actinomycetota	Actinomycetes	Micrococcales	Micrococcaceae	Rothia	Rothia sp. (in: high G+C Gram-positive bacteria)	
1279	Bacteria		Terrabacteria group	Bacillota	Bacilli	Bacillales	Staphylococcaceae	Staphylococcus		
1869190	Bacteria			Pseudomonadota	Alphaproteobacteria	Rhodospirillales	Acetobacteraceae	Roseomonas	Roseomonas sp.	
472	Bacteria			Pseudomonadota	Gammaproteobacteria	Moraxellales	Moraxellaceae	Acinetobacter	Acinetobacter sp.	
471871	Bacteria		Terrabacteria group	Bacillota	Clostridia	Eubacteriales	Clostridiaceae	Clostridium	Clostridium sporogenes	Clostridium sporogenes ATCC 15579
997887	Bacteria		Bacteroidota/Chlorobiota group	Bacteroidota	Bacteroidia	Bacteroidales	Bacteroidaceae	Bacteroides	Bacteroides salyersiae	Bacteroides salyersiae CL02T12C01
159346	Bacteria			Pseudomonadota	Alphaproteobacteria	Rhodobacterales	Roseobacteraceae	Roseibacterium	Roseibacterium elongatum	
76759	Bacteria			Pseudomonadota	Gammaproteobacteria	Pseudomonadales	Pseudomonadaceae	Pseudomonas	Pseudomonas monteilii	
63737	Bacteria		Cyanobacteriota/Melainabacteria group	Cyanobacteriota	Cyanophyceae	Nostocales	Nostocaceae	Nostoc	Nostoc punctiforme	Nostoc punctiforme PCC 73102
197	Bacteria			Campylobacterota	Epsilonproteobacteria	Campylobacterales	Campylobacteraceae	Campylobacter	Campylobacter jejuni	
1111133	Bacteria		Terrabacteria group	Bacillota	Tissierellia	Tissierellales	Peptoniphilaceae	Peptoniphilus	Peptoniphilus sp. BV3AC2	
70775	Bacteria			Pseudomonadota	Gammaproteobacteria	Pseudomonadales	Pseudomonadaceae	Pseudomonas	Pseudomonas plecoglossicida	
1163398	Bacteria			Pseudomonadota	Gammaproteobacteria	Pseudomonadales	Pseudomonadaceae	Pseudomonas	Pseudomonas donghuensis	
1261064	Bacteria		Terrabacteria group	Actinomycetota	Actinomycetes	Bifidobacteriales	Bifidobacteriaceae	Gardnerella	Gardnerella vaginalis	Gardnerella vaginalis JCP8066
1316587	Bacteria			Fusobacteriota	Fusobacteriia	Fusobacteriales	Fusobacteriaceae	Fusobacterium	Fusobacterium nucleatum	Fusobacterium nucleatum CTI-6
749537	Bacteria			Pseudomonadota	Gammaproteobacteria	Enterobacterales	Enterobacteriaceae	Escherichia	Escherichia coli	Escherichia coli MS 115-1
1944660	Bacteria		Terrabacteria group	Bacillota	Tissierellia	Tissierellales	Peptoniphilaceae	Parvimonas	Parvimonas sp.	
1134811	Bacteria		Terrabacteria group	Bacillota	Bacilli	Lactobacillales	Enterococcaceae	Enterococcus	Enterococcus faecium	Enterococcus faecium 513
1261067	Bacteria		Terrabacteria group	Actinomycetota	Actinomycetes	Bifidobacteriales	Bifidobacteriaceae	Gardnerella	Gardnerella vaginalis	Gardnerella vaginalis JCP8151A
858666	Bacteria		Terrabacteria group	Bacillota	Bacilli	Lactobacillales	Lactobacillaceae	Lactobacillus	Lactobacillus gasseri	Lactobacillus gasseri EX336960VC01
1073374	Bacteria		Terrabacteria group	Bacillota	Tissierellia	Tissierellales	Peptoniphilaceae	Parvimonas	Parvimonas micra	Parvimonas micra CC57A
936563	Bacteria			Fusobacteriota	Fusobacteriia	Fusobacteriales	Fusobacteriaceae	Fusobacterium	Fusobacterium sp. CM22	
1261057	Bacteria		Terrabacteria group	Actinomycetota	Actinomycetes	Bifidobacteriales	Bifidobacteriaceae	Gardnerella	Gardnerella vaginalis	Gardnerella vaginalis JCP7275
999421	Bacteria		Bacteroidota/Chlorobiota group	Bacteroidota	Bacteroidia	Bacteroidales	Tannerellaceae	Parabacteroides	Parabacteroides merdae	Parabacteroides merdae CL09T00C40
575593	Bacteria		Terrabacteria group	Bacillota	Clostridia	Lachnospirales	Lachnospiraceae		Lachnospiraceae bacterium oral taxon 500	Lachnospiraceae oral taxon 107 str. F0167
1204476	Bacteria			Fusobacteriota	Fusobacteriia	Fusobacteriales	Fusobacteriaceae	Fusobacterium	Fusobacterium nucleatum	Fusobacterium nucleatum CTI-3
858665	Bacteria		Terrabacteria group	Bacillota	Bacilli	Lactobacillales	Lactobacillaceae	Lactobacillus	Lactobacillus jensenii	Lactobacillus jensenii EX849587VC06
575609	Bacteria		Terrabacteria group	Bacillota	Tissierellia	Tissierellales	Peptoniphilaceae	Peptoniphilus	Peptoniphilus sp. oral taxon 386	Peptoniphilus sp. oral taxon 386 str. F0131
674054	Bacteria			Pseudomonadota	Gammaproteobacteria	Pseudomonadales	Pseudomonadaceae	Pseudomonas	Pseudomonas baetica	
321661	Bacteria			Pseudomonadota	Gammaproteobacteria	Pseudomonadales	Pseudomonadaceae	Pseudomonas	Pseudomonas vranovensis	
1073373	Bacteria		Terrabacteria group	Bacillota	Bacilli	Lactobacillales	Streptococcaceae	Streptococcus	Streptococcus sanguinis	Streptococcus sanguinis CC94A
1073364	Bacteria		Bacteroidota/Chlorobiota group	Bacteroidota	Bacteroidia	Bacteroidales	Tannerellaceae	Parabacteroides	Parabacteroides goldsteinii	Parabacteroides goldsteinii CC87F
1261071	Bacteria		Terrabacteria group	Actinomycetota	Actinomycetes	Bifidobacteriales	Bifidobacteriaceae	Gardnerella	Gardnerella vaginalis	Gardnerella vaginalis JCP8522
1286	Bacteria		Terrabacteria group	Bacillota	Bacilli	Bacillales	Staphylococcaceae	Staphylococcus	Staphylococcus simulans	
1204475	Bacteria			Fusobacteriota	Fusobacteriia	Fusobacteriales	Fusobacteriaceae	Fusobacterium	Fusobacterium nucleatum	Fusobacterium nucleatum CTI-2
658087	Bacteria		Terrabacteria group	Bacillota	Clostridia	Lachnospirales	Lachnospiraceae		Lachnospiraceae bacterium 7_1_58FAA	
1261068	Bacteria		Terrabacteria group	Actinomycetota	Actinomycetes	Bifidobacteriales	Bifidobacteriaceae	Gardnerella	Gardnerella vaginalis	Gardnerella vaginalis JCP8151B
858663	Bacteria		Terrabacteria group	Bacillota	Bacilli	Lactobacillales	Lactobacillaceae	Lactobacillus	Lactobacillus jensenii	Lactobacillus jensenii EX849587VC03
1134804	Bacteria		Terrabacteria group	Bacillota	Bacilli	Lactobacillales	Enterococcaceae	Enterococcus	Enterococcus faecium	Enterococcus faecium 503
469597	Bacteria		Terrabacteria group	Bacillota	Erysipelotrichia	Erysipelotrichales	Coprobacillaceae	Coprobacillus	Coprobacillus sp. 8_2_54BFAA	
883120	Bacteria			Pseudomonadota	Gammaproteobacteria	Enterobacterales	Enterobacteriaceae	Klebsiella	Klebsiella oxytoca	Klebsiella oxytoca 10-5245
1190621	Bacteria		Terrabacteria group	Actinomycetota	Coriobacteriia	Coriobacteriales	Atopobiaceae	Olsenella	Olsenella uli	Olsenella uli MSTE5
908340	Bacteria		Terrabacteria group	Bacillota	Clostridia	Eubacteriales	Clostridiaceae	Clostridium	Clostridium sp. HGF2	
1170562	Bacteria		Cyanobacteriota/Melainabacteria group	Cyanobacteriota	Cyanophyceae	Nostocales	Calotrichaceae	Calothrix	Calothrix sp. PCC 6303	
1158629	Bacteria		Terrabacteria group	Bacillota	Bacilli	Lactobacillales	Enterococcaceae	Enterococcus	Enterococcus faecalis	Enterococcus faecalis EnGen0248
999420	Bacteria		Bacteroidota/Chlorobiota group	Bacteroidota	Bacteroidia	Bacteroidales	Tannerellaceae	Parabacteroides	Parabacteroides merdae	Parabacteroides merdae CL03T12C32
411468	Bacteria		Terrabacteria group	Bacillota	Clostridia	Lachnospirales	Lachnospiraceae	Lachnoclostridium	[Clostridium] scindens	[Clostridium] scindens ATCC 35704
411476	Bacteria		Bacteroidota/Chlorobiota group	Bacteroidota	Bacteroidia	Bacteroidales	Bacteroidaceae	Bacteroides	Bacteroides ovatus	Bacteroides ovatus ATCC 8483
999418	Bacteria		Bacteroidota/Chlorobiota group	Bacteroidota	Bacteroidia	Bacteroidales	Tannerellaceae	Parabacteroides	Parabacteroides goldsteinii	Parabacteroides goldsteinii CL02T12C30
1150298	Bacteria		Terrabacteria group	Bacillota	Clostridia	Lachnospirales	Lachnospiraceae	Fusicatenibacter	Fusicatenibacter saccharivorans	
1121098	Bacteria		Bacteroidota/Chlorobiota group	Bacteroidota	Bacteroidia	Bacteroidales	Bacteroidaceae	Phocaeicola	Phocaeicola massiliensis	Phocaeicola massiliensis B84634 = Timone 84634 = DSM 17679 = JCM 13223
195103	Bacteria		Terrabacteria group	Bacillota	Clostridia	Eubacteriales	Clostridiaceae	Clostridium	Clostridium perfringens	Clostridium perfringens ATCC 13124
491074	Bacteria		Terrabacteria group	Bacillota	Bacilli	Lactobacillales	Enterococcaceae	Enterococcus	Enterococcus faecalis	Enterococcus faecalis TX0104
999416	Bacteria		Bacteroidota/Chlorobiota group	Bacteroidota	Bacteroidia	Bacteroidales	Tannerellaceae	Parabacteroides	Parabacteroides distasonis	Parabacteroides distasonis CL03T12C09
525279	Bacteria		Terrabacteria group	Bacillota	Bacilli	Lactobacillales	Enterococcaceae	Enterococcus	Enterococcus faecium	Enterococcus faecium TX1330
658082	Bacteria		Terrabacteria group	Bacillota	Clostridia	Lachnospirales	Lachnospiraceae		Lachnospiraceae bacterium 2_1_58FAA	
1161743	Bacteria		Terrabacteria group	Actinomycetota	Actinomycetes	Bifidobacteriales	Bifidobacteriaceae	Bifidobacterium	Bifidobacterium longum	Bifidobacterium longum subsp. longum 44B
454155	Bacteria		Bacteroidota/Chlorobiota group	Bacteroidota	Bacteroidia	Bacteroidales	Prevotellaceae	Paraprevotella	Paraprevotella xylaniphila	
28130	Bacteria		Bacteroidota/Chlorobiota group	Bacteroidota	Bacteroidia	Bacteroidales	Prevotellaceae	Prevotella	Prevotella disiens	
28090	Bacteria			Pseudomonadota	Gammaproteobacteria	Moraxellales	Moraxellaceae	Acinetobacter	Acinetobacter lwoffii	
667015	Bacteria		Bacteroidota/Chlorobiota group	Bacteroidota	Bacteroidia	Bacteroidales	Bacteroidaceae	Phocaeicola	Phocaeicola salanitronis	Phocaeicola salanitronis DSM 18170
537012	Bacteria		Bacteroidota/Chlorobiota group	Bacteroidota	Bacteroidia	Bacteroidales	Bacteroidaceae	Bacteroides	Bacteroides cellulosilyticus	Bacteroides cellulosilyticus DSM 14838
74426	Bacteria		Terrabacteria group	Actinomycetota	Coriobacteriia	Coriobacteriales	Coriobacteriaceae	Collinsella	Collinsella aerofaciens	
28126	Bacteria		Bacteroidota/Chlorobiota group	Bacteroidota	Bacteroidia	Bacteroidales	Prevotellaceae	Segatella	Segatella buccae	
454154	Bacteria		Bacteroidota/Chlorobiota group	Bacteroidota	Bacteroidia	Bacteroidales	Prevotellaceae	Paraprevotella	Paraprevotella clara	
1002367	Bacteria		Bacteroidota/Chlorobiota group	Bacteroidota	Bacteroidia	Bacteroidales	Prevotellaceae	Leyella	Leyella stercorea	Leyella stercorea DSM 18206
435832	Bacteria			Pseudomonadota	Betaproteobacteria	Neisseriales	Neisseriaceae	Neisseria	Neisseria mucosa	Neisseria mucosa C102
28125	Bacteria		Bacteroidota/Chlorobiota group	Bacteroidota	Bacteroidia	Bacteroidales	Prevotellaceae	Prevotella	Prevotella bivia	
226185	Bacteria		Terrabacteria group	Bacillota	Bacilli	Lactobacillales	Enterococcaceae	Enterococcus	Enterococcus faecalis	Enterococcus faecalis V583
1872398	Bacteria		Terrabacteria group	Bacillota	Bacilli	Lactobacillales	Aerococcaceae	Aerococcus	Aerococcus sp.	
1261072	Bacteria		Terrabacteria group	Actinomycetota	Actinomycetes	Bifidobacteriales	Bifidobacteriaceae	Bifidobacterium	Bifidobacterium breve	Bifidobacterium breve JCP7499
596310	Bacteria		Terrabacteria group	Deinococcota	Deinococci	Deinococcales	Deinococcaceae	Deinococcus	Deinococcus grandis	Deinococcus grandis SK125
1869337	Bacteria		Bacteroidota/Chlorobiota group	Bacteroidota	Bacteroidia	Bacteroidales	Tannerellaceae	Parabacteroides	Parabacteroides sp.	
765108	Bacteria		Terrabacteria group	Actinomycetota	Actinomycetes	Propionibacteriales	Propionibacteriaceae	Cutibacterium	Cutibacterium acnes	Cutibacterium acnes HL036PA3
979215	Bacteria		Terrabacteria group	Bacillota	Bacilli	Bacillales	Staphylococcaceae	Staphylococcus	Staphylococcus epidermidis	Staphylococcus epidermidis NIHLM018
1401070	Bacteria		Terrabacteria group	Bacillota	Tissierellia	Tissierellales	Peptoniphilaceae	Peptoniphilus	Peptoniphilus lacrimalis	Peptoniphilus lacrimalis DNF00528
693991	Bacteria			Fusobacteriota	Fusobacteriia	Fusobacteriales	Fusobacteriaceae	Fusobacterium	Fusobacterium polymorphum	Fusobacterium polymorphum F0401
1547	Bacteria		Terrabacteria group	Bacillota	Erysipelotrichia	Erysipelotrichales	Coprobacillaceae	Thomasclavelia	Thomasclavelia ramosa	
820	Bacteria		Bacteroidota/Chlorobiota group	Bacteroidota	Bacteroidia	Bacteroidales	Bacteroidaceae	Bacteroides	Bacteroides uniformis	
134262	Bacteria		Terrabacteria group	Bacillota	Bacilli	Lactobacillales	Streptococcaceae	Streptococcus	Streptococcus mitis	
537011	Bacteria		Bacteroidota/Chlorobiota group	Bacteroidota	Bacteroidia	Bacteroidales	Prevotellaceae	Segatella	Segatella copri	Segatella copri DSM 18205
272559	Bacteria		Bacteroidota/Chlorobiota group	Bacteroidota	Bacteroidia	Bacteroidales	Bacteroidaceae	Bacteroides	Bacteroides fragilis	Bacteroides fragilis NCTC 9343
28073	Bacteria		Cyanobacteriota/Melainabacteria group	Cyanobacteriota	Cyanophyceae	Oscillatoriales	Oscillatoriaceae	Lyngbya		
1185	Bacteria		Cyanobacteriota/Melainabacteria group	Cyanobacteriota	Cyanophyceae	Nostocales	Rivulariaceae			
207920	Bacteria		Cyanobacteriota/Melainabacteria group	Cyanobacteriota	Cyanophyceae	Oscillatoriales	Oscillatoriaceae	Moorena	Moorena bouillonii	
227866	Bacteria		Terrabacteria group	Bacillota	Bacilli	Bacillales	Bacillaceae	Bacillus	Bacillus tequilensis	
1397	Bacteria		Terrabacteria group	Bacillota	Bacilli	Bacillales	Bacillaceae	Niallia	Niallia circulans	
1409	Bacteria		Terrabacteria group	Bacillota	Bacilli	Bacillales	Bacillaceae	Bacillus	Bacillus sp. (in: firmicutes)	
1901	Bacteria		Terrabacteria group	Actinomycetota	Actinomycetes	Kitasatosporales	Streptomycetaceae	Streptomyces	Streptomyces clavuligerus	
680198	Bacteria		Terrabacteria group	Actinomycetota	Actinomycetes	Kitasatosporales	Streptomycetaceae	Streptomyces	Streptomyces scabiei	Streptomyces scabiei 87.22
168697	Bacteria		Terrabacteria group	Actinomycetota	Actinomycetes	Micromonosporales	Micromonosporaceae	Salinispora	Salinispora arenicola	
479978	Bacteria		Terrabacteria group	Actinomycetota	Actinomycetes	Micromonosporales	Micromonosporaceae	Micromonospora	Micromonospora tulbaghiae	
320912	Bacteria		Bacteroidota/Chlorobiota group	Bacteroidota	Flavobacteriia	Flavobacteriales	Flavobacteriaceae	Maribacter	Maribacter dokdonensis	
1155738	Bacteria		Cyanobacteriota/Melainabacteria group	Cyanobacteriota	Cyanophyceae	Oscillatoriales	Oscillatoriaceae	Moorena		
1871615	Bacteria		Terrabacteria group	Actinomycetota	Actinomycetes	Micrococcales	Dermacoccaceae	Dermacoccus	Dermacoccus sp.	
1136748	Bacteria		Bacteroidota/Chlorobiota group	Bacteroidota	Flavobacteriia	Flavobacteriales	Flavobacteriaceae	Algibacter	Algibacter aquimarinus	
291985	Bacteria			Pseudomonadota	Alphaproteobacteria	Sphingomonadales	Erythrobacteraceae	Qipengyuania	Qipengyuania vulgaris	
326329	Bacteria		Bacteroidota/Chlorobiota group	Bacteroidota	Flavobacteriia	Flavobacteriales	Flavobacteriaceae	Polaribacter	Polaribacter dokdonensis	
192421	Bacteria		Terrabacteria group	Bacillota	Bacilli	Bacillales	Planococcaceae	Planococcus	Planococcus maritimus	
1853311	Bacteria		Bacteroidota/Chlorobiota group	Bacteroidota	Flavobacteriia	Flavobacteriales	Flavobacteriaceae	Lutibacter	Lutibacter oceani	
691689	Bacteria		Bacteroidota/Chlorobiota group	Bacteroidota	Flavobacteriia	Flavobacteriales	Flavobacteriaceae	Lutibacter	Lutibacter flavus	
943941	Bacteria		Bacteroidota/Chlorobiota group	Bacteroidota	Flavobacteriia	Flavobacteriales	Flavobacteriaceae	Postechiella	Postechiella marina	
1524257	Bacteria			Pseudomonadota	Alphaproteobacteria	Rhodobacterales	Paracoccaceae	Limimaricola	Limimaricola aestuariicola	
255984	Bacteria			Pseudomonadota	Alphaproteobacteria	Sphingomonadales	Erythrobacteraceae	Qipengyuania	Qipengyuania aquimaris	
1038014	Bacteria		Bacteroidota/Chlorobiota group	Bacteroidota	Flavobacteriia	Flavobacteriales	Flavobacteriaceae	Aquimarina	Aquimarina amphilecti	
576131	Bacteria			Pseudomonadota	Alphaproteobacteria	Rhodobacterales	Roseobacteraceae	Lentibacter	Lentibacter algarum	
1972512	Bacteria			Pseudomonadota	Alphaproteobacteria	Rhodobacterales	Paracoccaceae	Yoonia	Yoonia acticola	
1420851	Bacteria			Pseudomonadota	Gammaproteobacteria	Methylococcales	Methylococcaceae	Methyloprofundus	Methyloprofundus sedimenti	
1137780	Bacteria		Bacteroidota/Chlorobiota group	Bacteroidota	Flavobacteriia	Flavobacteriales	Flavobacteriaceae	Polaribacter	Polaribacter porphyrae	
1828	Bacteria		Terrabacteria group	Actinomycetota	Actinomycetes	Mycobacteriales	Nocardiaceae	Rhodococcus	Rhodococcus fascians	
979	Bacteria		Bacteroidota/Chlorobiota group	Bacteroidota	Flavobacteriia	Flavobacteriales	Flavobacteriaceae	Cellulophaga	Cellulophaga lytica	
223958	Bacteria		Terrabacteria group	Bacillota	Bacilli	Bacillales		Exiguobacterium	Exiguobacterium oxidotolerans	
285279	Bacteria			Pseudomonadota	Alphaproteobacteria	Hyphomicrobiales	Stappiaceae	Pseudovibrio	Pseudovibrio ascidiaceicola	
86664	Bacteria		Terrabacteria group	Bacillota	Bacilli	Bacillales	Bacillaceae	Priestia	Priestia flexa	
43656	Bacteria			Pseudomonadota	Gammaproteobacteria	Alteromonadales	Pseudoalteromonadaceae	Pseudoalteromonas	Pseudoalteromonas denitrificans	
136468	Bacteria			Pseudomonadota	Gammaproteobacteria	Vibrionales	Vibrionaceae	Vibrio	Vibrio lentus	
2020714	Bacteria		Bacteroidota/Chlorobiota group	Bacteroidota	Flavobacteriia	Flavobacteriales	Flavobacteriaceae	Olleya	Olleya algicola	
272164	Bacteria		Bacteroidota/Chlorobiota group	Bacteroidota	Flavobacteriia	Flavobacteriales	Flavobacteriaceae	Olleya	Olleya marilimosa	
1130723	Bacteria		Bacteroidota/Chlorobiota group	Bacteroidota	Flavobacteriia	Flavobacteriales	Flavobacteriaceae	Maribacter	Maribacter aestuarii	
1871616	Bacteria		Terrabacteria group	Actinomycetota	Actinomycetes	Mycobacteriales	Dietziaceae	Dietzia	Dietzia sp.	
1882945	Bacteria		Terrabacteria group	Bacillota	Bacilli	Bacillales	Paenibacillaceae	Brevibacillus	Brevibacillus sp.	
207923	Bacteria		Cyanobacteriota/Melainabacteria group	Cyanobacteriota	Cyanophyceae	Oscillatoriales	Oscillatoriaceae	Lyngbya	Lyngbya semiplena	
548	Bacteria			Pseudomonadota	Gammaproteobacteria	Enterobacterales	Enterobacteriaceae	Klebsiella	Klebsiella aerogenes	
2742	Bacteria			Pseudomonadota	Gammaproteobacteria	Pseudomonadales	Marinobacteraceae	Marinobacter		
173365	Bacteria			Pseudomonadota	Gammaproteobacteria	Methylococcales	Methylococcaceae	Methylobacter	Methylobacter tundripaludum	
2137881	Bacteria		Terrabacteria group	Bacillota	Erysipelotrichia	Erysipelotrichales	Coprobacillaceae	Coprobacillus	Coprobacillus sp.	
2512181	Bacteria		Terrabacteria group	Bacillota	Bacilli	Bacillales	Bacillaceae	Bacillus	Bacillus sp. BK100	
1855305	Bacteria			Pseudomonadota	Betaproteobacteria	Burkholderiales	Sphaerotilaceae	Roseateles	Roseateles sp. YR242	
1521527	Bacteria		Cyanobacteriota/Melainabacteria group	Cyanobacteriota	Cyanophyceae	Nostocales	Tolypothrichaceae	Tolypothrix	Tolypothrix tenuis	Tolypothrix tenuis SAG 94.79
1761903	Bacteria		Terrabacteria group	Actinomycetota	Actinomycetes	Kitasatosporales	Streptomycetaceae	Streptomyces	Streptomyces sp. cf124	
492670	Bacteria		Terrabacteria group	Bacillota	Bacilli	Bacillales	Bacillaceae	Bacillus	Bacillus velezensis	
2930568	Bacteria		Cyanobacteriota/Melainabacteria group	Cyanobacteriota	Cyanophyceae	Synechococcales	Merismopediaceae	Synechocystis	Synechocystis sp. PCC 6803	
211165	Bacteria		Cyanobacteriota/Melainabacteria group	Cyanobacteriota	Cyanophyceae	Nostocales	Chlorogloeopsidaceae	Chlorogloeopsis	Chlorogloeopsis fritschii	Chlorogloeopsis fritschii PCC 6912
1847	Bacteria		Terrabacteria group	Actinomycetota	Actinomycetes	Pseudonocardiales	Pseudonocardiaceae	Pseudonocardia		
68238	Bacteria		Terrabacteria group	Actinomycetota	Actinomycetes	Kitasatosporales	Streptomycetaceae	Streptomyces	Streptomyces minutiscleroticus	
552386	Bacteria			Pseudomonadota	Gammaproteobacteria	Vibrionales	Vibrionaceae	Vibrio	Vibrio gallaecicus	
1884876	Bacteria		Bacteroidota/Chlorobiota group	Bacteroidota	Flavobacteriia	Flavobacteriales	Flavobacteriaceae	Winogradskyella	Winogradskyella flava	
860	Bacteria			Fusobacteriota	Fusobacteriia	Fusobacteriales	Fusobacteriaceae	Fusobacterium	Fusobacterium periodonticum	
2135744	Bacteria		Terrabacteria group	Actinomycetota	Actinomycetes	Mycobacteriales	Mycobacteriaceae	Mycobacterium	Mycobacterium sp. OK887	
2512172	Bacteria		Terrabacteria group	Actinomycetota	Actinomycetes	Mycobacteriales	Mycobacteriaceae	Mycobacterium	Mycobacterium sp. BK558	
72000	Bacteria		Terrabacteria group	Actinomycetota	Actinomycetes	Micrococcales	Micrococcaceae	Kocuria	Kocuria rhizophila	
1831	Bacteria		Terrabacteria group	Actinomycetota	Actinomycetes	Mycobacteriales	Nocardiaceae	Rhodococcus	Rhodococcus sp. (in: high G+C Gram-positive bacteria)	
1833	Bacteria		Terrabacteria group	Actinomycetota	Actinomycetes	Mycobacteriales	Nocardiaceae	Rhodococcus	Rhodococcus erythropolis	
525376	Bacteria		Terrabacteria group	Bacillota	Bacilli	Bacillales	Staphylococcaceae	Staphylococcus	Staphylococcus epidermidis	Staphylococcus epidermidis W23144
1073363	Bacteria		Terrabacteria group	Bacillota	Bacilli	Bacillales	Paenibacillaceae	Paenibacillus	Paenibacillus barengoltzii	Paenibacillus barengoltzii CC33_002B
979221	Bacteria		Terrabacteria group	Bacillota	Bacilli	Bacillales	Staphylococcaceae	Staphylococcus	Staphylococcus epidermidis	Staphylococcus epidermidis NIH05001
883119	Bacteria			Pseudomonadota	Gammaproteobacteria	Enterobacterales	Enterobacteriaceae	Klebsiella	Klebsiella oxytoca	Klebsiella oxytoca 10-5244
525374	Bacteria		Terrabacteria group	Bacillota	Bacilli	Bacillales	Staphylococcaceae	Staphylococcus	Staphylococcus epidermidis	Staphylococcus epidermidis BCM-HMP0060
1095733	Bacteria		Terrabacteria group	Bacillota	Bacilli	Lactobacillales	Streptococcaceae	Streptococcus	Streptococcus parasanguinis	Streptococcus parasanguinis F0449
879296	Bacteria		Terrabacteria group	Bacillota	Bacilli	Lactobacillales	Lactobacillaceae	Lactobacillus	Lactobacillus iners	Lactobacillus iners SPIN 2503V10-D
749535	Bacteria			Pseudomonadota	Gammaproteobacteria	Enterobacterales	Enterobacteriaceae	Klebsiella	Klebsiella sp. MS 92-3	
936575	Bacteria		Terrabacteria group	Bacillota	Bacilli	Lactobacillales	Streptococcaceae	Streptococcus	Streptococcus sp. AC15	
858653	Bacteria		Terrabacteria group	Bacillota	Bacilli	Lactobacillales	Lactobacillaceae	Lactobacillus	Lactobacillus crispatus	Lactobacillus crispatus EX533959VC03
596320	Bacteria			Pseudomonadota	Betaproteobacteria	Neisseriales	Neisseriaceae	Neisseria	Neisseria flavescens	Neisseria flavescens SK114
883116	Bacteria			Pseudomonadota	Gammaproteobacteria	Enterobacterales	Enterobacteriaceae	Klebsiella	Klebsiella oxytoca	Klebsiella oxytoca 09-7231
767031	Bacteria		Bacteroidota/Chlorobiota group	Bacteroidota	Bacteroidia	Bacteroidales	Prevotellaceae	Prevotella	Prevotella denticola	Prevotella denticola F0289
858654	Bacteria		Terrabacteria group	Bacillota	Bacilli	Lactobacillales	Lactobacillaceae	Lactobacillus	Lactobacillus crispatus	Lactobacillus crispatus EX533959VC04
1073372	Bacteria		Terrabacteria group	Bacillota	Bacilli	Lactobacillales	Streptococcaceae	Streptococcus	Streptococcus parasanguinis	Streptococcus parasanguinis CC87K
525361	Bacteria		Terrabacteria group	Bacillota	Bacilli	Lactobacillales	Lactobacillaceae	Lacticaseibacillus	Lacticaseibacillus rhamnosus	Lacticaseibacillus rhamnosus LMS2-1
525278	Bacteria		Terrabacteria group	Bacillota	Bacilli	Lactobacillales	Enterococcaceae	Enterococcus	Enterococcus faecalis	Enterococcus faecalis TX1322
883123	Bacteria			Pseudomonadota	Gammaproteobacteria	Enterobacterales	Enterobacteriaceae	Klebsiella	Klebsiella oxytoca	Klebsiella oxytoca 10-5248
936578	Bacteria		Terrabacteria group	Bacillota	Bacilli	Lactobacillales	Streptococcaceae	Streptococcus	Streptococcus sp. AS20	
1204474	Bacteria			Fusobacteriota	Fusobacteriia	Fusobacteriales	Fusobacteriaceae	Fusobacterium	Fusobacterium nucleatum	Fusobacterium nucleatum CTI-1
469599	Bacteria			Fusobacteriota	Fusobacteriia	Fusobacteriales	Fusobacteriaceae	Fusobacterium	Fusobacterium periodonticum	Fusobacterium periodonticum 2_1_31
491076	Bacteria		Terrabacteria group	Bacillota	Bacilli	Lactobacillales	Lactobacillaceae	Lactobacillus	Lactobacillus crispatus	Lactobacillus crispatus JV-V01
997882	Bacteria		Bacteroidota/Chlorobiota group	Bacteroidota	Bacteroidia	Bacteroidales	Bacteroidaceae	Bacteroides	Bacteroides fragilis	Bacteroides fragilis CL07T00C01
749529	Bacteria			Pseudomonadota	Gammaproteobacteria	Enterobacterales	Enterobacteriaceae	Escherichia	Escherichia coli	Escherichia coli MS 57-2
857291	Bacteria		Bacteroidota/Chlorobiota group	Bacteroidota	Bacteroidia	Bacteroidales	Prevotellaceae	Prevotella	Prevotella histicola	Prevotella histicola F0411
556266	Bacteria			Pseudomonadota	Gammaproteobacteria	Enterobacterales	Enterobacteriaceae	Escherichia	Escherichia coli	Escherichia coli D9
742730	Bacteria			Pseudomonadota	Gammaproteobacteria	Enterobacterales	Enterobacteriaceae	Citrobacter	Citrobacter freundii	Citrobacter freundii 4_7_47CFAA
658080	Bacteria			Pseudomonadota	Betaproteobacteria	Burkholderiales	Burkholderiaceae	Ralstonia	Ralstonia sp. 5_2_56FAA	
936565	Bacteria			Pseudomonadota	Gammaproteobacteria	Enterobacterales	Enterobacteriaceae	Klebsiella	Klebsiella sp. OBRC7	
575603	Bacteria		Terrabacteria group	Bacillota	Bacilli	Lactobacillales	Lactobacillaceae	Lactobacillus	Lactobacillus gasseri	Lactobacillus gasseri SJ-9E-US
879304	Bacteria		Terrabacteria group	Bacillota	Bacilli	Lactobacillales	Lactobacillaceae	Lactobacillus	Lactobacillus iners	Lactobacillus iners LEAF 3008A-a
858656	Bacteria		Terrabacteria group	Bacillota	Bacilli	Lactobacillales	Lactobacillaceae	Lactobacillus	Lactobacillus crispatus	Lactobacillus crispatus EX533959VC06
883125	Bacteria			Pseudomonadota	Gammaproteobacteria	Enterobacterales	Enterobacteriaceae	Klebsiella	Klebsiella oxytoca	Klebsiella oxytoca 10-5250
979214	Bacteria		Terrabacteria group	Bacillota	Bacilli	Bacillales	Staphylococcaceae	Staphylococcus	Staphylococcus epidermidis	Staphylococcus epidermidis NIHLM031
1203549	Bacteria		Terrabacteria group	Actinomycetota	Actinomycetes	Micrococcales	Microbacteriaceae	Microbacterium	Microbacterium sp. oral taxon 186	Microbacterium sp. oral taxon 186 str. F0373
928327	Bacteria		Terrabacteria group	Bacillota	Bacilli	Lactobacillales	Lactobacillaceae	Lactobacillus	Lactobacillus iners	Lactobacillus iners UPII 143-D
702439	Bacteria		Bacteroidota/Chlorobiota group	Bacteroidota	Bacteroidia	Bacteroidales	Prevotellaceae	Prevotella	Prevotella nigrescens	Prevotella nigrescens F0103
864566	Bacteria			Campylobacterota	Epsilonproteobacteria	Campylobacterales	Campylobacteraceae	Campylobacter	Campylobacter coli	Campylobacter coli JV20
879301	Bacteria		Terrabacteria group	Bacillota	Bacilli	Lactobacillales	Lactobacillaceae	Lactobacillus	Lactobacillus iners	Lactobacillus iners LEAF 2053A-b
1078764	Bacteria		Terrabacteria group	Actinomycetota	Actinomycetes	Mycobacteriales	Corynebacteriaceae	Corynebacterium	Corynebacterium sp. HFH0082	
873517	Bacteria		Bacteroidota/Chlorobiota group	Bacteroidota	Flavobacteriia	Flavobacteriales	Flavobacteriaceae	Capnocytophaga	Capnocytophaga ochracea	Capnocytophaga ochracea F0287
1401072	Bacteria		Bacteroidota/Chlorobiota group	Bacteroidota	Bacteroidia	Bacteroidales	Prevotellaceae	Prevotella	Prevotella bivia	Prevotella bivia DNF00650
1321778	Bacteria		Terrabacteria group	Bacillota	Clostridia	Eubacteriales			Clostridiales bacterium oral taxon 876	Clostridiales bacterium oral taxon 876 str. F0540
1401077	Bacteria		Bacteroidota/Chlorobiota group	Bacteroidota	Bacteroidia	Bacteroidales	Prevotellaceae	Prevotella	Prevotella denticola	Prevotella denticola DNF00960
1107316	Bacteria			Pseudomonadota	Betaproteobacteria	Neisseriales	Neisseriaceae	Neisseria	Neisseria oralis	
888825	Bacteria		Terrabacteria group	Bacillota	Bacilli	Lactobacillales	Streptococcaceae	Streptococcus	Streptococcus sanguinis	Streptococcus sanguinis VMC66
575595	Bacteria		Terrabacteria group	Bacillota	Bacilli	Lactobacillales	Lactobacillaceae	Lactobacillus	Lactobacillus crispatus	Lactobacillus crispatus 125-2-CHN
979217	Bacteria		Terrabacteria group	Bacillota	Bacilli	Bacillales	Staphylococcaceae	Staphylococcus	Staphylococcus epidermidis	Staphylococcus epidermidis NIHLM008
29317	Bacteria		Terrabacteria group	Actinomycetota	Actinomycetes	Actinomycetales	Actinomycetaceae	Actinomyces	Actinomyces sp.	
1203550	Bacteria		Bacteroidota/Chlorobiota group	Bacteroidota	Bacteroidia	Bacteroidales	Prevotellaceae	Hoylesella	Hoylesella oralis	Hoylesella oralis HGA0225
979202	Bacteria		Terrabacteria group	Bacillota	Bacilli	Bacillales	Staphylococcaceae	Staphylococcus	Staphylococcus epidermidis	Staphylococcus epidermidis NIHLM070
883167	Bacteria		Terrabacteria group	Bacillota	Bacilli	Lactobacillales	Streptococcaceae	Streptococcus	Streptococcus intermedius	Streptococcus intermedius F0413
45634	Bacteria		Terrabacteria group	Bacillota	Bacilli	Lactobacillales	Streptococcaceae	Streptococcus	Streptococcus cristatus	
1125694	Bacteria			Pseudomonadota	Gammaproteobacteria	Enterobacterales	Morganellaceae	Proteus	Proteus mirabilis	Proteus mirabilis WGLW6
904293	Bacteria		Terrabacteria group	Bacillota	Bacilli	Lactobacillales	Streptococcaceae	Streptococcus	Streptococcus downei	Streptococcus downei F0415
596325	Bacteria		Terrabacteria group	Bacillota	Bacilli	Lactobacillales	Lactobacillaceae	Lactobacillus	Lactobacillus jensenii	Lactobacillus jensenii 269-3
679198	Bacteria			Pseudomonadota	Gammaproteobacteria	Pasteurellales	Pasteurellaceae	Aggregatibacter	Aggregatibacter aphrophilus	Aggregatibacter aphrophilus F0387
997879	Bacteria		Bacteroidota/Chlorobiota group	Bacteroidota	Bacteroidia	Bacteroidales	Bacteroidaceae	Bacteroides	Bacteroides fragilis	Bacteroides fragilis CL03T12C07
649761	Bacteria		Bacteroidota/Chlorobiota group	Bacteroidota	Bacteroidia	Bacteroidales	Prevotellaceae	Prevotella	Prevotella veroralis	Prevotella veroralis F0319
575612	Bacteria		Bacteroidota/Chlorobiota group	Bacteroidota	Bacteroidia	Bacteroidales	Prevotellaceae	Prevotella	Prevotella melaninogenica	Prevotella melaninogenica D18
979218	Bacteria		Terrabacteria group	Bacillota	Bacilli	Bacillales	Staphylococcaceae	Staphylococcus	Staphylococcus epidermidis	Staphylococcus epidermidis NIHLM003
469592	Bacteria		Bacteroidota/Chlorobiota group	Bacteroidota	Bacteroidia	Bacteroidales	Bacteroidaceae	Bacteroides	Bacteroides sp. 3_1_19	
575615	Bacteria		Bacteroidota/Chlorobiota group	Bacteroidota	Bacteroidia	Bacteroidales	Prevotellaceae	Prevotella	Prevotella sp. oral taxon 317	Prevotella sp. oral taxon 317 str. F0108
1401075	Bacteria		Bacteroidota/Chlorobiota group	Bacteroidota	Bacteroidia	Bacteroidales	Prevotellaceae	Prevotella	Prevotella disiens	Prevotella disiens DNF00882
1287476	Bacteria		Bacteroidota/Chlorobiota group	Bacteroidota	Bacteroidia	Bacteroidales	Prevotellaceae	Prevotella	Prevotella bivia	Prevotella bivia DNF00188
1073368	Bacteria		Terrabacteria group	Bacillota	Clostridia	Lachnospirales	Lachnospiraceae	Enterocloster	Enterocloster bolteae	Enterocloster bolteae CC43_001B
1111454	Bacteria		Terrabacteria group	Bacillota	Negativicutes	Veillonellales	Veillonellaceae	Megasphaera	Megasphaera vaginalis (ex Srinivasan et al. 2021)	
1115805	Bacteria		Terrabacteria group	Bacillota	Bacilli	Bacillales	Staphylococcaceae	Staphylococcus	Staphylococcus epidermidis	Staphylococcus epidermidis E13A
936587	Bacteria		Terrabacteria group	Bacillota	Bacilli	Lactobacillales	Streptococcaceae	Streptococcus	Streptococcus sp. OBRC6	
171	Bacteria			Spirochaetota	Spirochaetia	Leptospirales	Leptospiraceae	Leptospira		
2512163	Bacteria		Terrabacteria group	Actinomycetota	Actinomycetes	Kitasatosporales	Streptomycetaceae	Streptomyces	Streptomyces sp. BK329	
2512165	Bacteria		Terrabacteria group	Actinomycetota	Actinomycetes	Mycobacteriales	Mycobacteriaceae	Mycobacterium	Mycobacterium sp. BK086	
2512159	Bacteria		Terrabacteria group	Actinomycetota	Actinomycetes	Kitasatosporales	Streptomycetaceae	Streptomyces	Streptomyces sp. BK447	
2572903	Bacteria		Terrabacteria group	Actinomycetota	Actinomycetes	Kitasatosporales	Streptomycetaceae	Streptomyces	Streptomyces sp. BK340	
1882770	Bacteria		Terrabacteria group	Actinomycetota	Actinomycetes	Kitasatosporales	Streptomycetaceae	Streptomyces	Streptomyces sp. OK885	
2512128	Bacteria		Terrabacteria group	Actinomycetota	Actinomycetes	Kitasatosporales	Streptomycetaceae	Streptomyces	Streptomyces sp. BK387	
2512150	Bacteria		Terrabacteria group	Actinomycetota	Actinomycetes	Kitasatosporales	Streptomycetaceae	Streptomyces	Streptomyces sp. BK208	
1882786	Bacteria		Terrabacteria group	Actinomycetota	Actinomycetes	Kitasatosporales	Streptomycetaceae	Streptomyces	Streptomyces sp. OK228	
556259	Bacteria		Bacteroidota/Chlorobiota group	Bacteroidota	Bacteroidia	Bacteroidales	Bacteroidaceae	Bacteroides	Bacteroides sp. D2	
858674	Bacteria		Terrabacteria group	Bacillota	Bacilli	Lactobacillales	Lactobacillaceae	Limosilactobacillus	Limosilactobacillus vaginalis	Limosilactobacillus vaginalis EX336960VC05
1261070	Bacteria		Terrabacteria group	Actinomycetota	Actinomycetes	Bifidobacteriales	Bifidobacteriaceae	Gardnerella	Gardnerella vaginalis	Gardnerella vaginalis JCP8481B
1073358	Bacteria		Terrabacteria group	Bacillota	Clostridia	Eubacteriales	Oscillospiraceae	Flavonifractor	Flavonifractor plautii	Flavonifractor plautii CC43_001K
879307	Bacteria		Terrabacteria group	Actinomycetota	Actinomycetes	Bifidobacteriales	Bifidobacteriaceae	Gardnerella	Gardnerella vaginalis	Gardnerella vaginalis 315-A
858675	Bacteria		Terrabacteria group	Bacillota	Bacilli	Lactobacillales	Lactobacillaceae	Limosilactobacillus	Limosilactobacillus vaginalis	Limosilactobacillus vaginalis EX336960VC11
2052	Bacteria		Terrabacteria group	Actinomycetota	Actinomycetes	Actinomycetales	Actinomycetaceae	Mobiluncus	Mobiluncus mulieris	
742722	Bacteria		Terrabacteria group	Actinomycetota	Coriobacteriia	Coriobacteriales	Coriobacteriaceae	Collinsella	Collinsella sp. 4_8_47FAA	
999426	Bacteria			Spirochaetota	Spirochaetia	Spirochaetales	Treponemataceae	Treponema	Treponema denticola	Treponema denticola AL-2
936594	Bacteria		Terrabacteria group	Bacillota	Clostridia	Lachnospirales	Lachnospiraceae	Lachnoanaerobaculum	Lachnoanaerobaculum sp. ICM7	
457408	Bacteria		Terrabacteria group	Bacillota	Negativicutes	Acidaminococcales	Acidaminococcaceae	Phascolarctobacterium	Phascolarctobacterium sp. 3_1syn4	
186803	Bacteria		Terrabacteria group	Bacillota	Clostridia	Lachnospirales	Lachnospiraceae			
999427	Bacteria			Spirochaetota	Spirochaetia	Spirochaetales	Treponemataceae	Treponema	Treponema denticola	Treponema denticola ASLM
858676	Bacteria		Terrabacteria group	Bacillota	Bacilli	Lactobacillales	Lactobacillaceae	Limosilactobacillus	Limosilactobacillus vaginalis	Limosilactobacillus vaginalis EX336960VC12
85698	Bacteria			Pseudomonadota	Betaproteobacteria	Burkholderiales	Alcaligenaceae	Achromobacter	Achromobacter xylosoxidans	
1261060	Bacteria		Terrabacteria group	Actinomycetota	Actinomycetes	Bifidobacteriales	Bifidobacteriaceae	Gardnerella	Gardnerella vaginalis	Gardnerella vaginalis JCP7672
997880	Bacteria		Bacteroidota/Chlorobiota group	Bacteroidota	Bacteroidia	Bacteroidales	Bacteroidaceae	Bacteroides	Bacteroides fragilis	Bacteroides fragilis CL05T00C42
457396	Bacteria		Terrabacteria group	Bacillota	Clostridia	Eubacteriales	Clostridiaceae	Clostridium	Clostridium sp. 7_2_43FAA	
1316586	Bacteria			Fusobacteriota	Fusobacteriia	Fusobacteriales	Fusobacteriaceae	Fusobacterium	Fusobacterium nucleatum	Fusobacterium nucleatum CTI-5
1887	Bacteria		Terrabacteria group	Actinomycetota	Actinomycetes	Kitasatosporales	Streptomycetaceae	Streptomyces	Streptomyces albogriseolus	
883109	Bacteria		Terrabacteria group	Bacillota	Clostridia	Eubacteriales	Eubacteriales Family XIII. Incertae Sedis		[Eubacterium] infirmum	Eubacterium infirmum F0142
1134687	Bacteria			Pseudomonadota	Gammaproteobacteria	Enterobacterales	Enterobacteriaceae	Klebsiella	Klebsiella michiganensis	
1105031	Bacteria		Terrabacteria group	Bacillota	Clostridia	Eubacteriales	Clostridiaceae	Clostridium	Clostridium sp. MSTE9	
1161904	Bacteria		Terrabacteria group	Actinomycetota	Actinomycetes	Bifidobacteriales	Bifidobacteriaceae	Bifidobacterium	Bifidobacterium longum	Bifidobacterium longum subsp. longum 35B
649760	Bacteria		Bacteroidota/Chlorobiota group	Bacteroidota	Bacteroidia	Bacteroidales	Prevotellaceae	Segatella	Segatella oris	Segatella oris F0302
749550	Bacteria			Pseudomonadota	Gammaproteobacteria	Enterobacterales	Enterobacteriaceae	Escherichia	Escherichia coli	Escherichia coli MS 200-1
679196	Bacteria		Terrabacteria group	Bacillota	Bacilli	Lactobacillales	Lactobacillaceae	Lactobacillus	Lactobacillus gasseri	Lactobacillus gasseri 224-1
1357418	Bacteria		Terrabacteria group	Bacillota	Bacilli	Lactobacillales	Lactobacillaceae	Weissella	Weissella cibaria	Weissella cibaria F16_1
1203546	Bacteria			Pseudomonadota	Gammaproteobacteria	Enterobacterales	Enterobacteriaceae	Klebsiella	Klebsiella pneumoniae	Klebsiella pneumoniae subsp. pneumoniae WGLW3
491075	Bacteria		Terrabacteria group	Bacillota	Bacilli	Lactobacillales	Enterococcaceae	Enterococcus	Enterococcus faecalis	Enterococcus faecalis EnGen0297
41200	Bacteria		Terrabacteria group	Actinomycetota	Actinomycetes	Bifidobacteriales	Bifidobacteriaceae	Bifidobacterium	Bifidobacterium sp.	
765109	Bacteria		Terrabacteria group	Actinomycetota	Actinomycetes	Propionibacteriales	Propionibacteriaceae	Cutibacterium	Cutibacterium modestum	Cutibacterium modestum HL044PA1
1882771	Bacteria		Terrabacteria group	Actinomycetota	Actinomycetes	Kitasatosporales	Streptomycetaceae	Kitasatospora	Kitasatospora sp. OK780	
1871328	Bacteria		Terrabacteria group	Actinomycetota	Actinomycetes	Micrococcales	Micrococcaceae	Kocuria	Kocuria sp.	
1161745	Bacteria		Terrabacteria group	Actinomycetota	Actinomycetes	Bifidobacteriales	Bifidobacteriaceae	Bifidobacterium	Bifidobacterium longum	Bifidobacterium longum subsp. longum 2-2B
1926307	Bacteria		Terrabacteria group	Bacillota	Negativicutes	Veillonellales	Veillonellaceae	Veillonella	Veillonella sp.	
1134785	Bacteria		Terrabacteria group	Bacillota	Bacilli	Lactobacillales	Enterococcaceae	Enterococcus	Enterococcus faecalis	Enterococcus faecalis ERV103
1971214	Bacteria		Terrabacteria group	Bacillota	Tissierellia	Tissierellales	Peptoniphilaceae	Peptoniphilus	Peptoniphilus sp.	
765115	Bacteria		Terrabacteria group	Actinomycetota	Actinomycetes	Propionibacteriales	Propionibacteriaceae	Cutibacterium	Cutibacterium acnes	Cutibacterium acnes HL002PA1
858657	Bacteria		Terrabacteria group	Bacillota	Bacilli	Lactobacillales	Lactobacillaceae	Lactobacillus	Lactobacillus crispatus	Lactobacillus crispatus EX533959VC07
658085	Bacteria		Terrabacteria group	Bacillota	Clostridia	Lachnospirales	Lachnospiraceae		Lachnospiraceae bacterium 5_1_57FAA	
765096	Bacteria		Terrabacteria group	Actinomycetota	Actinomycetes	Propionibacteriales	Propionibacteriaceae	Cutibacterium	Cutibacterium acnes	Cutibacterium acnes HL005PA1
1377	Bacteria		Terrabacteria group	Bacillota	Bacilli	Lactobacillales	Aerococcaceae	Aerococcus	Aerococcus viridans	
749549	Bacteria			Pseudomonadota	Gammaproteobacteria	Enterobacterales	Enterobacteriaceae	Escherichia	Escherichia coli	Escherichia coli MS 198-1
979211	Bacteria		Terrabacteria group	Bacillota	Bacilli	Bacillales	Staphylococcaceae	Staphylococcus	Staphylococcus epidermidis	Staphylococcus epidermidis NIHLM023
749527	Bacteria			Pseudomonadota	Gammaproteobacteria	Enterobacterales	Enterobacteriaceae	Escherichia	Escherichia coli	Escherichia coli MS 21-1
315405	Bacteria		Terrabacteria group	Bacillota	Bacilli	Lactobacillales	Streptococcaceae	Streptococcus	Streptococcus gallolyticus	
596312	Bacteria		Terrabacteria group	Actinomycetota	Actinomycetes	Micrococcales	Micrococcaceae	Micrococcus	Micrococcus luteus	Micrococcus luteus SK58
936595	Bacteria		Terrabacteria group	Bacillota	Clostridia	Lachnospirales	Lachnospiraceae	Lachnoanaerobaculum	Lachnoanaerobaculum sp. OBRC5-5	
1881041	Bacteria		Bacteroidota/Chlorobiota group	Bacteroidota	Chitinophagia	Chitinophagales	Chitinophagaceae	Chitinophaga	Chitinophaga sp. YR627	
1316588	Bacteria			Fusobacteriota	Fusobacteriia	Fusobacteriales	Fusobacteriaceae	Fusobacterium	Fusobacterium nucleatum	Fusobacterium nucleatum CTI-7
37640	Bacteria		Terrabacteria group	Actinomycetota	Actinomycetes	Micrococcales	Dermabacteraceae	Dermabacter	Dermabacter sp.	
411486	Bacteria		Terrabacteria group	Bacillota	Clostridia	Eubacteriales	Clostridiaceae	Clostridium	Clostridium sp. M62/1	
765067	Bacteria		Terrabacteria group	Actinomycetota	Actinomycetes	Propionibacteriales	Propionibacteriaceae	Cutibacterium	Cutibacterium acnes	Cutibacterium acnes HL053PA2
457416	Bacteria		Terrabacteria group	Bacillota	Negativicutes	Veillonellales	Veillonellaceae	Veillonella	Veillonella sp. 3_1_44	
765114	Bacteria		Terrabacteria group	Actinomycetota	Actinomycetes	Propionibacteriales	Propionibacteriaceae	Cutibacterium	Cutibacterium acnes	Cutibacterium acnes HL063PA2
1073376	Bacteria		Terrabacteria group	Bacillota	Clostridia	Lachnospirales	Lachnospiraceae	Mediterraneibacter	[Ruminococcus] lactaris	[Ruminococcus] lactaris CC59_002D
765097	Bacteria		Terrabacteria group	Actinomycetota	Actinomycetes	Propionibacteriales	Propionibacteriaceae	Cutibacterium	Cutibacterium acnes	Cutibacterium acnes HL005PA2
765093	Bacteria		Terrabacteria group	Actinomycetota	Actinomycetes	Propionibacteriales	Propionibacteriaceae	Cutibacterium	Cutibacterium acnes	Cutibacterium acnes HL086PA1
765106	Bacteria		Terrabacteria group	Actinomycetota	Actinomycetes	Propionibacteriales	Propionibacteriaceae	Cutibacterium	Cutibacterium acnes	Cutibacterium acnes HL036PA1
883117	Bacteria			Pseudomonadota	Gammaproteobacteria	Enterobacterales	Enterobacteriaceae	Klebsiella	Klebsiella oxytoca	Klebsiella oxytoca 10-5242
679205	Bacteria			Pseudomonadota	Gammaproteobacteria	Enterobacterales	Enterobacteriaceae	Escherichia	Escherichia coli	Escherichia coli MS 124-1
765119	Bacteria		Terrabacteria group	Actinomycetota	Actinomycetes	Propionibacteriales	Propionibacteriaceae	Cutibacterium	Cutibacterium acnes	Cutibacterium acnes HL056PA1
2135743	Bacteria		Terrabacteria group	Bacillota	Bacilli	Bacillales	Bacillaceae	Bacillus	Bacillus sp. YR335	
51513	Bacteria		Terrabacteria group	Actinomycetota	Actinomycetes	Micrococcales	Microbacteriaceae	Agromyces	Agromyces sp.	
1720	Bacteria		Terrabacteria group	Actinomycetota	Actinomycetes	Mycobacteriales	Corynebacteriaceae	Corynebacterium	Corynebacterium sp.	
1203544	Bacteria			Pseudomonadota	Gammaproteobacteria	Enterobacterales	Enterobacteriaceae	Klebsiella	Klebsiella pneumoniae	Klebsiella pneumoniae subsp. pneumoniae WGLW1
296	Bacteria			Pseudomonadota	Gammaproteobacteria	Pseudomonadales	Pseudomonadaceae	Pseudomonas	Pseudomonas fragi	
2135722	Bacteria			Pseudomonadota	Alphaproteobacteria	Hyphomicrobiales	Pleomorphomonadaceae	Pleomorphomonas	Pleomorphomonas sp. CF100	
1144308	Bacteria		Terrabacteria group	Bacillota	Bacilli	Bacillales	Paenibacillaceae	Brevibacillus	Brevibacillus sp. BC25	
283736	Bacteria		Bacteroidota/Chlorobiota group	Bacteroidota	Flavobacteriia	Flavobacteriales	Flavobacteriaceae	Leeuwenhoekiella	Leeuwenhoekiella aequorea	
1140	Bacteria		Cyanobacteriota/Melainabacteria group	Cyanobacteriota	Cyanophyceae	Synechococcales	Synechococcaceae	Synechococcus	Synechococcus elongatus	Synechococcus elongatus PCC 7942 = FACHB-805
2578135	Bacteria		Cyanobacteriota/Melainabacteria group	Cyanobacteriota	Cyanophyceae	Leptolyngbyales	Leptolyngbyaceae	Phormidesmis	Phormidesmis molle	Phormidesmis molle SAG 26.99
285569	Bacteria		Terrabacteria group	Actinomycetota	Actinomycetes	Kitasatosporales	Streptomycetaceae	Streptomyces	Streptomyces labedae	
2015	Bacteria		Terrabacteria group	Actinomycetota	Actinomycetes	Streptosporangiales	Nocardiopsaceae	Nocardiopsis	Nocardiopsis prasina	
85023	Bacteria		Terrabacteria group	Actinomycetota	Actinomycetes	Micrococcales	Microbacteriaceae			
285556	Bacteria		Terrabacteria group	Actinomycetota	Actinomycetes	Kitasatosporales	Streptomycetaceae	Streptomyces	Streptomyces atrovirens	
47850	Bacteria		Terrabacteria group	Actinomycetota	Actinomycetes	Micromonosporales	Micromonosporaceae	Micromonospora	Micromonospora aurantiaca	
1979206	Bacteria		Terrabacteria group	Actinomycetota	Actinomycetes	Micromonosporales	Micromonosporaceae	Salinispora	Salinispora sp.	
1873	Bacteria		Terrabacteria group	Actinomycetota	Actinomycetes	Micromonosporales	Micromonosporaceae	Micromonospora		
55080	Bacteria		Terrabacteria group	Bacillota	Bacilli	Bacillales	Paenibacillaceae	Brevibacillus		
1906	Bacteria		Terrabacteria group	Actinomycetota	Actinomycetes	Kitasatosporales	Streptomycetaceae	Streptomyces	Streptomyces fradiae	
4751	Eukaryota	Fungi	Opisthokonta							
5322	Eukaryota	Fungi	Opisthokonta	Basidiomycota	Agaricomycetes	Agaricales	Pleurotaceae	Pleurotus	Pleurotus ostreatus	
2806070	Eukaryota	Fungi	Opisthokonta	Basidiomycota	Agaricomycetes	Russulales	Albatrellaceae	Scutiger		
5323	Eukaryota	Fungi	Opisthokonta	Basidiomycota	Agaricomycetes	Agaricales	Pleurotaceae	Pleurotus	Pleurotus eryngii	
1385488	Eukaryota	Fungi	Opisthokonta	Basidiomycota	Agaricomycetes	Agaricales	Clitocybaceae	Clitocybe	Clitocybe salmonilamella	
71717	Eukaryota	Fungi	Opisthokonta	Basidiomycota	Agaricomycetes	Agaricales	Psathyrellaceae	Coprinellus	Coprinellus micaceus	
71936	Eukaryota	Fungi	Opisthokonta	Basidiomycota	Agaricomycetes	Agaricales	Entolomataceae	Clitopilus	Clitopilus prunulus	
71694	Eukaryota	Fungi	Opisthokonta	Basidiomycota	Agaricomycetes	Agaricales	Psathyrellaceae	Coprinopsis	Coprinopsis atramentaria	
71875	Eukaryota	Fungi	Opisthokonta	Basidiomycota	Agaricomycetes	Agaricales	Clitocybaceae	Collybia	Collybia dealbata	
67723	Eukaryota	Fungi	Opisthokonta	Basidiomycota	Agaricomycetes	Agaricales	Amanitaceae	Amanita	Amanita phalloides	
304761	Eukaryota	Fungi	Opisthokonta	Basidiomycota	Agaricomycetes	Agaricales	Cortinariaceae	Cortinarius	Cortinarius uliginosus	
112429	Eukaryota	Fungi	Opisthokonta	Basidiomycota	Agaricomycetes	Gomphales	Gomphaceae	Ramaria	Ramaria araiospora	
460519	Eukaryota	Fungi	saccharomyceta	Ascomycota	Saccharomycetes	Saccharomycetales	Pichiaceae	Komagataella	Komagataella phaffii	
333290	Eukaryota	Fungi	Opisthokonta	Basidiomycota	Agaricomycetes	Russulales	Russulaceae	Lactarius	Lactarius rubrilacteus	
1538808	Eukaryota	Fungi	Opisthokonta	Basidiomycota	Agaricomycetes	Agaricales	Cortinariaceae	Phlegmacium	Phlegmacium albofragrans	
4896	Eukaryota	Fungi	Opisthokonta	Ascomycota	Schizosaccharomycetes	Schizosaccharomycetales	Schizosaccharomycetaceae	Schizosaccharomyces	Schizosaccharomyces pombe	
56165	Eukaryota	Fungi	Opisthokonta	Basidiomycota	Agaricomycetes	Agaricales	Agaricaceae	Lepiota	Lepiota clypeolaria	
34436	Eukaryota	Fungi	Opisthokonta	Basidiomycota	Agaricomycetes	Agaricales	Agaricaceae	Chlorophyllum	Chlorophyllum rhacodes	
165405	Eukaryota	Fungi	Opisthokonta	Basidiomycota	Agaricomycetes	Agaricales	Cortinariaceae	Cortinarius	Cortinarius venetus	
86074	Eukaryota	Fungi	Opisthokonta	Basidiomycota	Agaricomycetes	Agaricales	Cortinariaceae	Cortinarius	Cortinarius trivialis	
169515	Eukaryota	Fungi	Opisthokonta	Basidiomycota	Agaricomycetes	Agaricales	Cortinariaceae	Cortinarius	Cortinarius tophaceus	
5052	Eukaryota	Fungi	leotiomyceta	Ascomycota	Eurotiomycetes	Eurotiales	Aspergillaceae	Aspergillus		
80576	Eukaryota	Fungi	Opisthokonta	Basidiomycota	Agaricomycetes	Agaricales	Amanitaceae	Amanita	Amanita pachycolea	
56467	Eukaryota	Fungi	Opisthokonta	Basidiomycota	Agaricomycetes	Agaricales	Hygrophoraceae	Ampulloclitocybe	Ampulloclitocybe clavipes	
56187	Eukaryota	Fungi	Opisthokonta	Basidiomycota	Agaricomycetes	Agaricales	Agaricaceae	Coprinus	Coprinus comatus	
279525	Eukaryota	Fungi	Opisthokonta	Basidiomycota	Agaricomycetes	Boletales	Boletaceae	Xerocomus	Xerocomus spadiceus	
1238390	Eukaryota	Fungi	Opisthokonta	Basidiomycota	Agaricomycetes	Auriculariales	Auriculariaceae	Auricularia	Auricularia americana	
83513	Eukaryota	Fungi	Opisthokonta	Basidiomycota	Agaricomycetes	Agaricales	Agaricaceae	Agaricus	Agaricus semotus	
132913	Eukaryota	Fungi	Opisthokonta	Basidiomycota	Agaricomycetes	Boletales	Gomphidiaceae	Chroogomphus	Chroogomphus ochraceus	
222058	Eukaryota	Fungi	Opisthokonta	Basidiomycota	Agaricomycetes	Agaricales	Cortinariaceae	Calonarius	Calonarius xanthophyllus	
67710	Eukaryota	Fungi	Opisthokonta	Basidiomycota	Agaricomycetes	Agaricales	Amanitaceae	Amanita	Amanita gemmata	
80577	Eukaryota	Fungi	Opisthokonta	Basidiomycota	Agaricomycetes	Agaricales	Amanitaceae	Amanita	Amanita silvicola	
29917	Eukaryota	Fungi	dothideomyceta	Ascomycota	Dothideomycetes	Cladosporiales	Cladosporiaceae	Cladosporium	Cladosporium cladosporioides	
1314791	Eukaryota	Fungi	leotiomyceta	Ascomycota	Eurotiomycetes	Eurotiales	Aspergillaceae	Penicillium	Penicillium expansum	Penicillium expansum ATCC 24692
560629	Eukaryota	Fungi	Opisthokonta	Basidiomycota	Agaricomycetes	Agaricales	Cortinariaceae	Cortinarius	Cortinarius cacaocolor	
86086	Eukaryota	Fungi	Opisthokonta	Basidiomycota	Agaricomycetes	Agaricales	Hymenogastraceae	Gymnopilus	Gymnopilus sapineus	
182865	Eukaryota	Fungi	Opisthokonta	Basidiomycota	Agaricomycetes	Agaricales	Agaricaceae	Lepiota	Lepiota spheniscispora	
935580	Eukaryota	Fungi	Opisthokonta	Basidiomycota	Agaricomycetes	Agaricales	Strophariaceae	Leratiomyces	Leratiomyces ceres	
117024	Eukaryota	Fungi	Opisthokonta	Basidiomycota	Agaricomycetes	Agaricales	Clitocybaceae	Clitocybe	Clitocybe nebularis	
346642	Eukaryota	Fungi	Opisthokonta	Basidiomycota	Agaricomycetes	Agaricales	Porotheleaceae	Clitocybula	Clitocybula atroalba	
264080	Eukaryota	Fungi	Opisthokonta	Basidiomycota	Agaricomycetes	Thelephorales	Thelephoraceae	Boletopsis	Boletopsis grisea	
105696	Eukaryota	Fungi	dothideomyceta	Ascomycota	Dothideomycetes	Pleosporales	Didymellaceae	Epicoccum	Epicoccum nigrum	
1648207	Eukaryota	Fungi	Opisthokonta	Basidiomycota	Agaricomycetes	Boletales	Boletaceae	Xerocomellus	Xerocomellus mendocinensis	
190013	Eukaryota	Fungi	Opisthokonta	Basidiomycota	Agaricomycetes	Agaricales	Agaricaceae	Chlorophyllum	Chlorophyllum brunneum	
50966	Eukaryota	Fungi	Opisthokonta	Basidiomycota	Agaricomycetes	Agaricales	Clitocybaceae	Clitocybe		
5334	Eukaryota	Fungi	Opisthokonta	Basidiomycota	Agaricomycetes	Agaricales	Schizophyllaceae	Schizophyllum	Schizophyllum commune	
5331	Eukaryota	Fungi	Opisthokonta	Basidiomycota	Agaricomycetes	Polyporales	Phanerochaetaceae	Bjerkandera	Bjerkandera adusta	
560632	Eukaryota	Fungi	Opisthokonta	Basidiomycota	Agaricomycetes	Agaricales	Cortinariaceae	Thaxterogaster	Thaxterogaster causticus	
2768408	Eukaryota	Fungi	Opisthokonta	Basidiomycota	Agaricomycetes	Boletales	Boletaceae	Xerocomellus	Xerocomellus atropurpureus	
495280	Eukaryota	Fungi	Opisthokonta	Basidiomycota	Agaricomycetes	Boletales	Boletaceae	Boletus	Boletus fibrillosus	
1329069	Eukaryota	Fungi	Opisthokonta	Basidiomycota	Agaricomycetes	Cantharellales	Hydnaceae	Clavulina	Clavulina coralloides	
104202	Eukaryota	Fungi	Opisthokonta	Basidiomycota	Agaricomycetes	Cantharellales	Hydnaceae	Clavulina	Clavulina cinerea	
117017	Eukaryota	Fungi	Opisthokonta	Basidiomycota	Agaricomycetes	Agaricales	Lyophyllaceae	Asterophora	Asterophora lycoperdoides	
341566	Eukaryota	Fungi	Opisthokonta	Basidiomycota	Agaricomycetes	Agaricales	Lycoperdaceae	Lycoperdon	Lycoperdon nigrescens	
107919	Eukaryota	Fungi	Opisthokonta	Basidiomycota	Agaricomycetes	Agaricales	Agaricaceae	Battarrea	Battarrea phalloides	
70561	Eukaryota	Fungi	Opisthokonta	Basidiomycota	Agaricomycetes	Agaricales	Cortinariaceae	Cortinarius	Cortinarius traganus	
507467	Eukaryota	Fungi	Opisthokonta	Basidiomycota	Agaricomycetes	Polyporales	Polyporaceae	Polyporus	Polyporus leptocephalus	
88128	Eukaryota	Fungi	Opisthokonta	Basidiomycota	Agaricomycetes	Agaricales	Agaricaceae	Agaricus	Agaricus californicus	
1276655	Eukaryota	Fungi	Opisthokonta	Basidiomycota	Agaricomycetes	Agaricales	Bolbitiaceae	Bolbitius	Bolbitius titubans	
190014	Eukaryota	Fungi	Opisthokonta	Basidiomycota	Agaricomycetes	Agaricales	Agaricaceae	Chlorophyllum	Chlorophyllum olivieri	
230766	Eukaryota	Fungi	Opisthokonta	Basidiomycota	Agaricomycetes	Agaricales	Clitocybaceae	Clitocybe	Clitocybe fragrans	
181985	Eukaryota	Fungi	Opisthokonta	Basidiomycota	Agaricomycetes	Agaricales	Clitocybaceae	Collybia	Collybia odora	
5073	Eukaryota	Fungi	leotiomyceta	Ascomycota	Eurotiomycetes	Eurotiales	Aspergillaceae	Penicillium		
60134	Eukaryota	Fungi	leotiomyceta	Ascomycota	Eurotiomycetes	Eurotiales	Aspergillaceae	Penicillium	Penicillium viridicatum	
47346	Eukaryota	Fungi	Opisthokonta	Basidiomycota	Agaricomycetes	Agaricales	Cortinariaceae	Cortinarius	Cortinarius cinnamomeus	
1297046	Eukaryota	Fungi	Opisthokonta	Basidiomycota	Agaricomycetes	Boletales	Boletaceae	Butyriboletus	Butyriboletus autumniregius	
5341	Eukaryota	Fungi	Opisthokonta	Basidiomycota	Agaricomycetes	Agaricales	Agaricaceae	Agaricus	Agaricus bisporus	
220798	Eukaryota	Fungi	Opisthokonta	Basidiomycota	Agaricomycetes	Agaricales	Cortinariaceae	Cortinarius	Cortinarius flexipes	
1579108	Eukaryota	Fungi	Opisthokonta	Basidiomycota	Agaricomycetes	Agaricales	Amanitaceae	Amanita	Amanita protecta	
78358	Eukaryota	Fungi	Opisthokonta	Basidiomycota	Agaricomycetes	Agaricales	Amanitaceae	Amanita	Amanita porphyria	
1314793	Eukaryota	Fungi	leotiomyceta	Ascomycota	Eurotiomycetes	Eurotiales	Aspergillaceae	Penicillium	Penicillium glabrum	Penicillium glabrum DAOM 239074
155157	Eukaryota	Fungi	Opisthokonta	Basidiomycota	Agaricomycetes	Russulales	Russulaceae	Lactarius	Lactarius fallax	
112178	Eukaryota	Fungi	sordariomyceta	Ascomycota	Sordariomycetes	Xylariales	Apiosporaceae	Arthrinium	Arthrinium phaeospermum	
2065174	Eukaryota	Fungi	Opisthokonta	Basidiomycota	Agaricomycetes	Thelephorales	Thelephoraceae	Polyozellus	Polyozellus atrolazulinus	
36653	Eukaryota	Fungi	leotiomyceta	Ascomycota	Eurotiomycetes	Eurotiales	Aspergillaceae	Penicillium	Penicillium commune	
5498	Eukaryota	Fungi	dothideomyceta	Ascomycota	Dothideomycetes	Cladosporiales	Cladosporiaceae	Cladosporium		
5074	Eukaryota	Fungi	leotiomyceta	Ascomycota	Eurotiomycetes	Eurotiales	Aspergillaceae	Penicillium	Penicillium brevicompactum	
64518	Eukaryota	Fungi	Opisthokonta	Mucoromycota	Mortierellomycetes	Mortierellales	Mortierellaceae	Mortierella	Mortierella alpina	
1715219	Eukaryota	Fungi	Opisthokonta	Basidiomycota	Agaricomycetes	Agaricales	Agaricaceae	Agaricus	Agaricus sp.	
29918	Eukaryota	Fungi	dothideomyceta	Ascomycota	Dothideomycetes	Cladosporiales	Cladosporiaceae	Cladosporium	Cladosporium herbarum	
335854	Eukaryota	Fungi	sordariomyceta	Ascomycota	Sordariomycetes	Xylariales	Apiosporaceae	Nigrospora	Nigrospora oryzae	
37840	Eukaryota	Fungi	sordariomyceta	Ascomycota	Sordariomycetes	Xylariales	Sporocadaceae	Pestalotiopsis		
40559	Eukaryota	Fungi	sordariomyceta	Ascomycota	Leotiomycetes	Helotiales	Sclerotiniaceae	Botrytis	Botrytis cinerea	
119927	Eukaryota	Fungi	dothideomyceta	Ascomycota	Dothideomycetes	Pleosporales	Pleosporaceae	Alternaria	Alternaria tenuissima	
42374	Eukaryota	Fungi	Candida/Lodderomyces clade	Ascomycota	Saccharomycetes	Saccharomycetales	Debaryomycetaceae	Candida	Candida dubliniensis	
112420	Eukaryota	Fungi	Opisthokonta	Basidiomycota	Agaricomycetes	Gomphales	Gomphaceae	Ramaria	Ramaria flavobrunnescens	
73499	Eukaryota	Fungi	sordariomyceta	Ascomycota	Sordariomycetes	Hypocreales	Cordycipitaceae	Lecanicillium	Lecanicillium psalliotae	
QC										
Blank										
585543	Bacteria		FCB group	Bacteroidota	Bacteroidia	Bacteroidales	Bacteroidaceae	Bacteroides	Bacteroides sp. D20	
979222	Bacteria		Terrabacteria group	Bacillota	Bacilli	Bacillales	Staphylococcaceae	Staphylococcus	Staphylococcus epidermidis	Staphylococcus epidermidis NIH04008
525281	Bacteria			Pseudomonadota	Gammaproteobacteria	Enterobacterales	Enterobacteriaceae	Escherichia	Escherichia coli	Escherichia coli 83972
306	Bacteria			Pseudomonadota	Gammaproteobacteria	Pseudomonadales	Pseudomonadaceae	Pseudomonas	Pseudomonas sp.	
457402	Bacteria		Terrabacteria group	Bacillota	Clostridia	Eubacteriales	Eubacteriaceae	Eubacterium	Eubacterium sp. 3_1_31	