Compound	Group	Presence	annotation	Tail		Compound	Group	Presence	annotation	Tail		Compound	Group	Presence	annotation	Tail		Compound	Group	Presence	annotation	Tail
2-aminovaleric acid-C2:0	Humans	TRUE	C2:0	Short		2-aminovaleric acid-C10:0	Microbes	TRUE	C10:0	Medium		Arginine-C13:0	Microbes	TRUE	C13:0	Long		2-phenethylamine-C22:0	Foods	TRUE	C22:0	Very long
2-aminovaleric acid-C2:0	Rodents	TRUE	C2:0	Short		Alanine/Sarcosine-C10:0	Humans	TRUE	C10:0	Medium		Asparagine-C13:0	Microbes	TRUE	C13:0	Long		2-phenethylamine-C22:0	Plants	TRUE	C22:0	Very long
2-aminovaleric acid-C2:0	Microbes	TRUE	C2:0	Short		Alanine/Sarcosine-C10:0	Microbes	TRUE	C10:0	Medium		Glutamic acid-C13:0	Humans	TRUE	C13:0	Long		3-methoxytyramine-C22:0	Humans	TRUE	C22:0	Very long
2-phenethylamine-C2:0	Humans	TRUE	C2:0	Short		Alanine/Sarcosine-C10:0	Plants	TRUE	C10:0	Medium		Glutamic acid-C13:0	Microbes	TRUE	C13:0	Long		3-methoxytyramine-C22:0	Foods	TRUE	C22:0	Very long
2-phenethylamine-C2:0	Microbes	TRUE	C2:0	Short		Aminoadipic acid-C10:0	Microbes	TRUE	C10:0	Medium		Glutamine-C13:0	Humans	TRUE	C13:0	Long		3-methoxytyramine-C22:0	Plants	TRUE	C22:0	Very long
2-phenethylamine-C2:0	Foods	TRUE	C2:0	Short		Arginine-C10:0	Humans	TRUE	C10:0	Medium		Glutamine-C13:0	Microbes	TRUE	C13:0	Long		Amylamine-C22:0	Plants	TRUE	C22:0	Very long
2-phenethylamine-C2:0	Plants	TRUE	C2:0	Short		Arginine-C10:0	Rodents	TRUE	C10:0	Medium		Leucine-C13:0	Microbes	TRUE	C13:0	Long		GABA-C22:0	Foods	TRUE	C22:0	Very long
3-hydroxykynurenine-C2:0	Rodents	TRUE	C2:0	Short		Arginine-C10:0	Microbes	TRUE	C10:0	Medium		Lysine-C13:0	Microbes	TRUE	C13:0	Long		GABA-C22:0	Plants	TRUE	C22:0	Very long
3-methoxytyramine-C2:0	Microbes	TRUE	C2:0	Short		Arginine-C10:0	Foods	TRUE	C10:0	Medium		Serine-C13:0	Microbes	TRUE	C13:0	Long		Serotonin-C22:0	Humans	TRUE	C22:0	Very long
3-methoxytyramine-C2:0	Foods	TRUE	C2:0	Short		Arginine-C10:0	Plants	TRUE	C10:0	Medium		Threonine/homoserine-C13:0	Microbes	TRUE	C13:0	Long		Serotonin-C22:0	Foods	TRUE	C22:0	Very long
3-methoxytyramine-C2:0	Plants	TRUE	C2:0	Short		Asparagine-C10:0	Microbes	TRUE	C10:0	Medium		Alanine/Sarcosine-C13:1	Microbes	TRUE	C13:1	Long		Serotonin-C22:0	Plants	TRUE	C22:0	Very long
3-methylhistidine-C2:0	Humans	TRUE	C2:0	Short		Cadaverine-C10:0	Humans	TRUE	C10:0	Medium		Glutamic acid-C13:1	Microbes	TRUE	C13:1	Long		Tryptamine-C22:0	Humans	TRUE	C22:0	Very long
3-methylhistidine-C2:0	Rodents	TRUE	C2:0	Short		Cadaverine-C10:0	Microbes	TRUE	C10:0	Medium		Serine-C13:1	Microbes	TRUE	C13:1	Long		Tryptamine-C22:0	Foods	TRUE	C22:0	Very long
5-aminovaleric acid-C2:0	Plants	TRUE	C2:0	Short		Citrulline-C10:0	Humans	TRUE	C10:0	Medium		Threonine/homoserine-C13:1	Microbes	TRUE	C13:1	Long		Tryptamine-C22:0	Plants	TRUE	C22:0	Very long
5-methoxytryptamine-C2:0	Humans	TRUE	C2:0	Short		Citrulline-C10:0	Microbes	TRUE	C10:0	Medium		2-aminovaleric acid-C14:0	Humans	TRUE	C14:0	Long		Tyramine-C22:0	Foods	TRUE	C22:0	Very long
Aminoadipic acid-C2:0	Humans	TRUE	C2:0	Short		GABA-C10:0	Humans	TRUE	C10:0	Medium		2-aminovaleric acid-C14:0	Microbes	TRUE	C14:0	Long		Tyramine-C22:0	Plants	TRUE	C22:0	Very long
Aminoadipic acid-C2:0	Rodents	TRUE	C2:0	Short		Glutamic acid-C10:0	Humans	TRUE	C10:0	Medium		2-phenethylamine-C14:0	Humans	TRUE	C14:0	Long		Leucine-C22:1	Humans	TRUE	C22:1	Very long
Aminoadipic acid-C2:0	Plants	TRUE	C2:0	Short		Glutamic acid-C10:0	Microbes	TRUE	C10:0	Medium		Alanine/Sarcosine-C14:0	Humans	TRUE	C14:0	Long		Serotonin-C22:1	Foods	TRUE	C22:1	Very long
Amylamine-C2:0	Humans	TRUE	C2:0	Short		Glutamine-C10:0	Humans	TRUE	C10:0	Medium		Alanine/Sarcosine-C14:0	Rodents	TRUE	C14:0	Long		Serotonin-C22:1	Plants	TRUE	C22:1	Very long
Arginine-C2:0	Humans	TRUE	C2:0	Short		Glutamine-C10:0	Microbes	TRUE	C10:0	Medium		Alanine/Sarcosine-C14:0	Microbes	TRUE	C14:0	Long		Glutamic acid-C22:4	Rodents	TRUE	C22:4	Very long
Arginine-C2:0	Rodents	TRUE	C2:0	Short		Glutamine-C10:0	Foods	TRUE	C10:0	Medium		Amylamine-C14:0	Humans	TRUE	C14:0	Long		Phenylalanine-C22:4	Humans	TRUE	C22:4	Very long
Arginine-C2:0	Microbes	TRUE	C2:0	Short		Glutamine-C10:0	Plants	TRUE	C10:0	Medium		Amylamine-C14:0	Microbes	TRUE	C14:0	Long		Phenylalanine-C22:4	Rodents	TRUE	C22:4	Very long
Arginine-C2:0	Plants	TRUE	C2:0	Short		Glutathione-C10:0	Microbes	TRUE	C10:0	Medium		Arginine-C14:0	Humans	TRUE	C14:0	Long		Tyramine-C22:4	Humans	TRUE	C22:4	Very long
Aspartic acid-C2:0	Humans	TRUE	C2:0	Short		Glutathione-C10:0	Foods	TRUE	C10:0	Medium		Arginine-C14:0	Rodents	TRUE	C14:0	Long		Serotonin-C23:0	Humans	TRUE	C23:0	Very long
Aspartic acid-C2:0	Rodents	TRUE	C2:0	Short		Glutathione-C10:0	Plants	TRUE	C10:0	Medium		Asparagine-C14:0	Humans	TRUE	C14:0	Long		Serotonin-C23:0	Foods	TRUE	C23:0	Very long
Aspartic acid-C2:0	Plants	TRUE	C2:0	Short		Histidine-C10:0	Humans	TRUE	C10:0	Medium		Asparagine-C14:0	Rodents	TRUE	C14:0	Long		Serotonin-C23:0	Plants	TRUE	C23:0	Very long
Cadaverine-C2:0	Humans	TRUE	C2:0	Short		Histidine-C10:0	Rodents	TRUE	C10:0	Medium		Asparagine-C14:0	Microbes	TRUE	C14:0	Long		Tryptamine-C23:0	Foods	TRUE	C23:0	Very long
Cadaverine-C2:0	Rodents	TRUE	C2:0	Short		Histidine-C10:0	Foods	TRUE	C10:0	Medium		Citrulline-C14:0	Humans	TRUE	C14:0	Long		Tryptamine-C23:0	Plants	TRUE	C23:0	Very long
Cadaverine-C2:0	Microbes	TRUE	C2:0	Short		Histidine-C10:0	Plants	TRUE	C10:0	Medium		Citrulline-C14:0	Microbes	TRUE	C14:0	Long		Tyramine-C23:0	Foods	TRUE	C23:0	Very long
Cadaverine-C2:0	Plants	TRUE	C2:0	Short		Leucine-C10:0	Humans	TRUE	C10:0	Medium		Citrulline-C14:0	Foods	TRUE	C14:0	Long		Tyramine-C23:0	Plants	TRUE	C23:0	Very long
Cystathionine-C2:0	Microbes	TRUE	C2:0	Short		Leucine-C10:0	Microbes	TRUE	C10:0	Medium		GABA-C14:0	Humans	TRUE	C14:0	Long		3-methoxytyramine-C24:0	Foods	TRUE	C24:0	Very long
Glutamic acid-C2:0	Humans	TRUE	C2:0	Short		Leucine-C10:0	Foods	TRUE	C10:0	Medium		Glutamic acid-C14:0	Humans	TRUE	C14:0	Long		3-methoxytyramine-C24:0	Plants	TRUE	C24:0	Very long
Glutamic acid-C2:0	Rodents	TRUE	C2:0	Short		Lysine-C10:0	Humans	TRUE	C10:0	Medium		Glutamic acid-C14:0	Microbes	TRUE	C14:0	Long		Dopamine-C24:0	Humans	TRUE	C24:0	Very long
Glutamic acid-C2:0	Plants	TRUE	C2:0	Short		Lysine-C10:0	Rodents	TRUE	C10:0	Medium		Glutamine-C14:0	Humans	TRUE	C14:0	Long		Dopamine-C24:0	Foods	TRUE	C24:0	Very long
Histamine-C2:0	Humans	TRUE	C2:0	Short		Lysine-C10:0	Microbes	TRUE	C10:0	Medium		Glutamine-C14:0	Microbes	TRUE	C14:0	Long		Dopamine-C24:0	Plants	TRUE	C24:0	Very long
Histamine-C2:0	Rodents	TRUE	C2:0	Short		Lysine-C10:0	Foods	TRUE	C10:0	Medium		Histamine-C14:0	Humans	TRUE	C14:0	Long		Serotonin-C24:0	Humans	TRUE	C24:0	Very long
Histidine-C2:0	Humans	TRUE	C2:0	Short		Lysine-C10:0	Plants	TRUE	C10:0	Medium		Histidine-C14:0	Microbes	TRUE	C14:0	Long		Serotonin-C24:0	Foods	TRUE	C24:0	Very long
Histidine-C2:0	Rodents	TRUE	C2:0	Short		Methionine-C10:0	Humans	TRUE	C10:0	Medium		Histidine-C14:0	Foods	TRUE	C14:0	Long		Serotonin-C24:0	Plants	TRUE	C24:0	Very long
Histidine-C2:0	Microbes	TRUE	C2:0	Short		Methionine-C10:0	Microbes	TRUE	C10:0	Medium		Leucine-C14:0	Humans	TRUE	C14:0	Long		Tryptamine-C24:0	Humans	TRUE	C24:0	Very long
Histidine-C2:0	Foods	TRUE	C2:0	Short		Methionine-C10:0	Foods	TRUE	C10:0	Medium		Leucine-C14:0	Rodents	TRUE	C14:0	Long		Tryptamine-C24:0	Foods	TRUE	C24:0	Very long
Kynurenine-C2:0	Humans	TRUE	C2:0	Short		Phenylalanine-C10:0	Humans	TRUE	C10:0	Medium		Leucine-C14:0	Microbes	TRUE	C14:0	Long		Tryptamine-C24:0	Plants	TRUE	C24:0	Very long
Kynurenine-C2:0	Rodents	TRUE	C2:0	Short		Phenylalanine-C10:0	Microbes	TRUE	C10:0	Medium		Leucine-C14:0	Foods	TRUE	C14:0	Long		Tryptophan-C24:0	Foods	TRUE	C24:0	Very long
Kynurenine-C2:0	Microbes	TRUE	C2:0	Short		Phenylalanine-C10:0	Foods	TRUE	C10:0	Medium		Leucine-C14:0	Plants	TRUE	C14:0	Long		Tryptophan-C24:0	Plants	TRUE	C24:0	Very long
L-DOPA-C2:0	Humans	TRUE	C2:0	Short		Putrescine-C10:0	Humans	TRUE	C10:0	Medium		Lysine-C14:0	Humans	TRUE	C14:0	Long		Tyramine-C24:0	Humans	TRUE	C24:0	Very long
Lysine-C2:0	Humans	TRUE	C2:0	Short		Putrescine-C10:0	Microbes	TRUE	C10:0	Medium		Lysine-C14:0	Rodents	TRUE	C14:0	Long		Tyramine-C24:0	Foods	TRUE	C24:0	Very long
Lysine-C2:0	Rodents	TRUE	C2:0	Short		Serine-C10:0	Humans	TRUE	C10:0	Medium		Lysine-C14:0	Foods	TRUE	C14:0	Long		Tyramine-C24:0	Plants	TRUE	C24:0	Very long
Lysine-C2:0	Microbes	TRUE	C2:0	Short		Serine-C10:0	Microbes	TRUE	C10:0	Medium		Methionine-C14:0	Humans	TRUE	C14:0	Long		Serine-C24:1	Rodents	TRUE	C24:1	Very long
Lysine-C2:0	Foods	TRUE	C2:0	Short		Taurine-C10:0	Humans	TRUE	C10:0	Medium		Methionine-C14:0	Microbes	TRUE	C14:0	Long		Serine-C24:1	Microbes	TRUE	C24:1	Very long
Methionine-C2:0	Humans	TRUE	C2:0	Short		Threonine/homoserine-C10:0	Humans	TRUE	C10:0	Medium		Methionine-C14:0	Foods	TRUE	C14:0	Long		Serotonin-C24:1	Foods	TRUE	C24:1	Very long
Methionine-C2:0	Rodents	TRUE	C2:0	Short		Threonine/homoserine-C10:0	Microbes	TRUE	C10:0	Medium		Phenylalanine-C14:0	Humans	TRUE	C14:0	Long		Serotonin-C24:1	Plants	TRUE	C24:1	Very long
Methionine-C2:0	Foods	TRUE	C2:0	Short		Tryptophan-C10:0	Humans	TRUE	C10:0	Medium		Phenylalanine-C14:0	Microbes	TRUE	C14:0	Long		Dopamine-C25:0	Humans	TRUE	C25:0	Very long
N-acetylcadaverine-C2:0	Humans	TRUE	C2:0	Short		Tryptophan-C10:0	Microbes	TRUE	C10:0	Medium		Putrescine-C14:0	Humans	TRUE	C14:0	Long		Dopamine-C25:0	Foods	TRUE	C25:0	Very long
N-acetylcadaverine-C2:0	Rodents	TRUE	C2:0	Short		Tryptophan-C10:0	Foods	TRUE	C10:0	Medium		Putrescine-C14:0	Microbes	TRUE	C14:0	Long		Dopamine-C25:0	Plants	TRUE	C25:0	Very long
N-acetylcadaverine-C2:0	Plants	TRUE	C2:0	Short		Tyramine-C10:0	Humans	TRUE	C10:0	Medium		Putrescine-C14:0	Plants	TRUE	C14:0	Long		Serotonin-C25:0	Foods	TRUE	C25:0	Very long
N-acetylornithine-C2:0	Humans	TRUE	C2:0	Short		Tyrosine-C10:0	Humans	TRUE	C10:0	Medium		Serine-C14:0	Humans	TRUE	C14:0	Long		Serotonin-C25:0	Plants	TRUE	C25:0	Very long
N-acetylornithine-C2:0	Rodents	TRUE	C2:0	Short		Tyrosine-C10:0	Microbes	TRUE	C10:0	Medium		Serine-C14:0	Rodents	TRUE	C14:0	Long		Tryptamine-C25:0	Foods	TRUE	C25:0	Very long
N-acetylputrescine-C2:0	Humans	TRUE	C2:0	Short		Tyrosine-C10:0	Foods	TRUE	C10:0	Medium		Serine-C14:0	Microbes	TRUE	C14:0	Long		Tyramine-C25:0	Foods	TRUE	C25:0	Very long
N-acetylputrescine-C2:0	Rodents	TRUE	C2:0	Short		Tyrosine-C10:0	Plants	TRUE	C10:0	Medium		Serine-C14:0	Plants	TRUE	C14:0	Long		Tyramine-C25:0	Plants	TRUE	C25:0	Very long
N-acetylputrescine-C2:0	Plants	TRUE	C2:0	Short		Valine-C10:0	Humans	TRUE	C10:0	Medium		Threonine/homoserine-C14:0	Humans	TRUE	C14:0	Long		Dopamine-C26:0	Humans	TRUE	C26:0	Very long
Phenylalanine-C2:0	Humans	TRUE	C2:0	Short		Valine-C10:0	Microbes	TRUE	C10:0	Medium		Threonine/homoserine-C14:0	Microbes	TRUE	C14:0	Long		Dopamine-C26:0	Foods	TRUE	C26:0	Very long
Phenylalanine-C2:0	Rodents	TRUE	C2:0	Short		2-phenethylamine-C10:1	Microbes	TRUE	C10:1	Medium		Tryptamine-C14:0	Humans	TRUE	C14:0	Long		Dopamine-C26:0	Plants	TRUE	C26:0	Very long
Phenylalanine-C2:0	Microbes	TRUE	C2:0	Short		Amylamine-C10:1	Foods	TRUE	C10:1	Medium		Tryptophan-C14:0	Humans	TRUE	C14:0	Long		Serotonin-C26:0	Foods	TRUE	C26:0	Very long
Phenylalanine-C2:0	Foods	TRUE	C2:0	Short		Amylamine-C10:1	Plants	TRUE	C10:1	Medium		Tryptophan-C14:0	Microbes	TRUE	C14:0	Long		Serotonin-C26:0	Plants	TRUE	C26:0	Very long
Phenylalanine-C2:0	Plants	TRUE	C2:0	Short		Glutamine-C10:1	Humans	TRUE	C10:1	Medium		Tyramine-C14:0	Humans	TRUE	C14:0	Long		Tryptamine-C26:0	Foods	TRUE	C26:0	Very long
Putrescine-C2:0	Humans	TRUE	C2:0	Short		Glutamine-C10:1	Microbes	TRUE	C10:1	Medium		Tyrosine-C14:0	Humans	TRUE	C14:0	Long		Tryptophan-C26:0	Foods	TRUE	C26:0	Very long
Putrescine-C2:0	Rodents	TRUE	C2:0	Short		Glutathione-C10:1	Foods	TRUE	C10:1	Medium		Tyrosine-C14:0	Rodents	TRUE	C14:0	Long		Tryptophan-C26:0	Plants	TRUE	C26:0	Very long
Putrescine-C2:0	Microbes	TRUE	C2:0	Short		Histidine-C10:1	Foods	TRUE	C10:1	Medium		Tyrosine-C14:0	Microbes	TRUE	C14:0	Long		Tyramine-C26:0	Foods	TRUE	C26:0	Very long
Serine-C2:0	Plants	TRUE	C2:0	Short		Leucine-C10:1	Humans	TRUE	C10:1	Medium		Tyrosine-C14:0	Foods	TRUE	C14:0	Long		Tyramine-C26:0	Plants	TRUE	C26:0	Very long
Serotonin-C2:0	Humans	TRUE	C2:0	Short		Leucine-C10:1	Microbes	TRUE	C10:1	Medium		Alanine/Sarcosine-C14:1	Microbes	TRUE	C14:1	Long		Serotonin-C26:1	Foods	TRUE	C26:1	Very long
Serotonin-C2:0	Rodents	TRUE	C2:0	Short		Phenylalanine-C10:1	Microbes	TRUE	C10:1	Medium		Arginine-C14:1	Rodents	TRUE	C14:1	Long		Dopamine-C27:0	Foods	TRUE	C27:0	Very long
Serotonin-C2:0	Foods	TRUE	C2:0	Short		Phenylalanine-C10:1	Foods	TRUE	C10:1	Medium		Asparagine-C14:1	Humans	TRUE	C14:1	Long		Dopamine-C27:0	Plants	TRUE	C27:0	Very long
Serotonin-C2:0	Plants	TRUE	C2:0	Short		Spermidine-C10:1	Foods	TRUE	C10:1	Medium		Asparagine-C14:1	Microbes	TRUE	C14:1	Long		Tyramine-C27:0	Foods	TRUE	C27:0	Very long
Spermidine-C2:0	Humans	TRUE	C2:0	Short		Spermidine-C10:1	Plants	TRUE	C10:1	Medium		Citrulline-C14:1	Humans	TRUE	C14:1	Long		Tyramine-C27:0	Plants	TRUE	C27:0	Very long
Spermidine-C2:0	Rodents	TRUE	C2:0	Short		Tyramine-C10:1	Humans	TRUE	C10:1	Medium		Citrulline-C14:1	Foods	TRUE	C14:1	Long		Tyramine-C27:1	Foods	TRUE	C27:1	Very long
Spermidine-C2:0	Plants	TRUE	C2:0	Short		Tyramine-C10:1	Foods	TRUE	C10:1	Medium		Glutamine-C14:1	Humans	TRUE	C14:1	Long		Tyramine-C27:1	Plants	TRUE	C27:1	Very long
Threonine/homoserine-C2:0	Humans	TRUE	C2:0	Short		Tyramine-C10:1	Plants	TRUE	C10:1	Medium		Glutamine-C14:1	Microbes	TRUE	C14:1	Long		Dopamine-C28:0	Foods	TRUE	C28:0	Very long
Threonine/homoserine-C2:0	Rodents	TRUE	C2:0	Short		Tyrosine-C10:1	Microbes	TRUE	C10:1	Medium		Leucine-C14:1	Humans	TRUE	C14:1	Long		Dopamine-C28:0	Plants	TRUE	C28:0	Very long
Threonine/homoserine-C2:0	Microbes	TRUE	C2:0	Short		Tyrosine-C10:1	Foods	TRUE	C10:1	Medium		Leucine-C14:1	Microbes	TRUE	C14:1	Long		Leucine-C28:0	Foods	TRUE	C28:0	Very long
Threonine/homoserine-C2:0	Plants	TRUE	C2:0	Short		Tyrosine-C10:1	Plants	TRUE	C10:1	Medium		Leucine-C14:1	Foods	TRUE	C14:1	Long		Leucine-C28:0	Plants	TRUE	C28:0	Very long
Tryptamine-C2:0	Humans	TRUE	C2:0	Short		2-phenethylamine-C10:2	Rodents	TRUE	C10:2	Medium		Lysine-C14:1	Foods	TRUE	C14:1	Long		Serotonin-C28:0	Foods	TRUE	C28:0	Very long
Tyramine-C2:0	Humans	TRUE	C2:0	Short		2-phenethylamine-C10:2	Plants	TRUE	C10:2	Medium		Methionine-C14:1	Foods	TRUE	C14:1	Long		Tyramine-C28:0	Plants	TRUE	C28:0	Very long
Tyramine-C2:0	Rodents	TRUE	C2:0	Short		Glutamine-C10:2	Humans	TRUE	C10:2	Medium		Phenylalanine-C14:1	Humans	TRUE	C14:1	Long		Dopamine-C28:1	Foods	TRUE	C28:1	Very long
Tyramine-C2:0	Foods	TRUE	C2:0	Short		Glutathione-C10:2	Rodents	TRUE	C10:2	Medium		Phenylalanine-C14:1	Microbes	TRUE	C14:1	Long		Dopamine-C28:1	Plants	TRUE	C28:1	Very long
Tyramine-C2:0	Plants	TRUE	C2:0	Short		Leucine-C10:2	Humans	TRUE	C10:2	Medium		Phenylalanine-C14:1	Foods	TRUE	C14:1	Long		Serotonin-C28:1	Foods	TRUE	C28:1	Very long
Tyrosine-C2:0	Humans	TRUE	C2:0	Short		Spermidine-C10:2	Plants	TRUE	C10:2	Medium		Putrescine-C14:1	Humans	TRUE	C14:1	Long		Tyramine-C28:1	Foods	TRUE	C28:1	Very long
Tyrosine-C2:0	Rodents	TRUE	C2:0	Short		Tyramine-C10:2	Plants	TRUE	C10:2	Medium		Serine-C14:1	Microbes	TRUE	C14:1	Long		Tyramine-C28:1	Plants	TRUE	C28:1	Very long
Tyrosine-C2:0	Microbes	TRUE	C2:0	Short		Tyrosine-C10:2	Humans	TRUE	C10:2	Medium		Taurine-C14:1	Foods	TRUE	C14:1	Long		Tyramine-C28:2	Foods	TRUE	C28:2	Very long
Tyrosine-C2:0	Foods	TRUE	C2:0	Short		2-phenethylamine-C10:3	Plants	TRUE	C10:3	Medium		Threonine/homoserine-C14:1	Microbes	TRUE	C14:1	Long		Tyramine-C28:2	Plants	TRUE	C28:2	Very long
Tyrosine-C2:0	Plants	TRUE	C2:0	Short		Glutamine-C10:3	Humans	TRUE	C10:3	Medium		Tyrosine-C14:1	Rodents	TRUE	C14:1	Long		Dopamine-C29:0	Foods	TRUE	C29:0	Very long
Valine-C2:0	Humans	TRUE	C2:0	Short		Glutamine-C10:3	Foods	TRUE	C10:3	Medium		Tyrosine-C14:1	Foods	TRUE	C14:1	Long		Dopamine-C29:0	Plants	TRUE	C29:0	Very long
Valine-C2:0	Rodents	TRUE	C2:0	Short		Tryptamine-C10:3	Rodents	TRUE	C10:3	Medium		Alanine/Sarcosine-C14:2	Humans	TRUE	C14:2	Long		Tyramine-C29:0	Foods	TRUE	C29:0	Very long
Valine-C2:0	Microbes	TRUE	C2:0	Short		2-phenethylamine-C10:4	Plants	TRUE	C10:4	Medium		Alanine/Sarcosine-C14:3	Humans	TRUE	C14:3	Long		Tyramine-C29:0	Plants	TRUE	C29:0	Very long
Valine-C2:0	Plants	TRUE	C2:0	Short		Tyramine-C10:4	Humans	TRUE	C10:4	Medium		Tryptophan-C14:4	Foods	TRUE	C14:4	Long		Dopamine-C29:1	Foods	TRUE	C29:1	Very long
2-aminovaleric acid-C3:0	Humans	TRUE	C3:0	Short		Tyramine-C10:4	Rodents	TRUE	C10:4	Medium		2-phenethylamine-C15:0	Humans	TRUE	C15:0	Long		Tyramine-C29:1	Foods	TRUE	C29:1	Very long
Amylamine-C3:0	Microbes	TRUE	C3:0	Short		Alanine/Sarcosine-C11:0	Humans	TRUE	C11:0	Medium		2-phenethylamine-C15:0	Microbes	TRUE	C15:0	Long		Dopamine-C30:0	Foods	TRUE	C30:0	Very long
Cadaverine-C3:0	Humans	TRUE	C3:0	Short		Arginine-C11:0	Microbes	TRUE	C11:0	Medium		Alanine/Sarcosine-C15:0	Humans	TRUE	C15:0	Long		Dopamine-C30:0	Plants	TRUE	C30:0	Very long
Cadaverine-C3:0	Rodents	TRUE	C3:0	Short		Asparagine-C11:0	Humans	TRUE	C11:0	Medium		Alanine/Sarcosine-C15:0	Rodents	TRUE	C15:0	Long		Tyramine-C30:0	Foods	TRUE	C30:0	Very long
Cadaverine-C3:0	Microbes	TRUE	C3:0	Short		Asparagine-C11:0	Microbes	TRUE	C11:0	Medium		Alanine/Sarcosine-C15:0	Microbes	TRUE	C15:0	Long		Tyramine-C30:0	Plants	TRUE	C30:0	Very long
Glutamic acid-C3:0	Humans	TRUE	C3:0	Short		Citrulline-C11:0	Microbes	TRUE	C11:0	Medium		Alanine/Sarcosine-C15:0	Plants	TRUE	C15:0	Long		Tyramine-C30:1	Foods	TRUE	C30:1	Very long
Glutamic acid-C3:0	Rodents	TRUE	C3:0	Short		Glutamic acid-C11:0	Microbes	TRUE	C11:0	Medium		Arginine-C15:0	Microbes	TRUE	C15:0	Long		Tyramine-C30:1	Plants	TRUE	C30:1	Very long
Histamine-C3:0	Humans	TRUE	C3:0	Short		Lysine-C11:0	Humans	TRUE	C11:0	Medium		Asparagine-C15:0	Humans	TRUE	C15:0	Long		Tyramine-C30:2	Foods	TRUE	C30:2	Very long
Histamine-C3:0	Rodents	TRUE	C3:0	Short		Lysine-C11:0	Microbes	TRUE	C11:0	Medium		Asparagine-C15:0	Rodents	TRUE	C15:0	Long		Tyramine-C30:2	Plants	TRUE	C30:2	Very long
Leucine-C3:0	Humans	TRUE	C3:0	Short		Tryptamine-C11:0	Microbes	TRUE	C11:0	Medium		Asparagine-C15:0	Microbes	TRUE	C15:0	Long						
Methionine-C3:0	Humans	TRUE	C3:0	Short		Tyrosine-C11:0	Microbes	TRUE	C11:0	Medium		Cadaverine-C15:0	Humans	TRUE	C15:0	Long						
Methionine-C3:0	Microbes	TRUE	C3:0	Short		Glutamic acid-C11:1	Humans	TRUE	C11:1	Medium		Cadaverine-C15:0	Microbes	TRUE	C15:0	Long						
Methionine-C3:0	Foods	TRUE	C3:0	Short		Glutamine-C11:1	Humans	TRUE	C11:1	Medium		Citrulline-C15:0	Humans	TRUE	C15:0	Long						
N-acetylcadaverine-C3:0	Humans	TRUE	C3:0	Short		Glutamine-C11:1	Microbes	TRUE	C11:1	Medium		Citrulline-C15:0	Microbes	TRUE	C15:0	Long						
N-acetylcadaverine-C3:0	Rodents	TRUE	C3:0	Short		Glutamine-C11:2	Humans	TRUE	C11:2	Medium		Glutamic acid-C15:0	Humans	TRUE	C15:0	Long						
Phenylalanine-C3:0	Humans	TRUE	C3:0	Short		Glutamine-C11:2	Microbes	TRUE	C11:2	Medium		Glutamic acid-C15:0	Microbes	TRUE	C15:0	Long						
Phenylalanine-C3:0	Rodents	TRUE	C3:0	Short		Histidine-C11:2	Foods	TRUE	C11:2	Medium		Glutamine-C15:0	Humans	TRUE	C15:0	Long						
Phenylalanine-C3:0	Foods	TRUE	C3:0	Short		Phenylalanine-C11:4	Microbes	TRUE	C11:4	Medium		Glutamine-C15:0	Rodents	TRUE	C15:0	Long						
Spermidine-C3:0	Humans	TRUE	C3:0	Short		Phenylalanine-C11:4	Foods	TRUE	C11:4	Medium		Glutamine-C15:0	Microbes	TRUE	C15:0	Long						
Spermidine-C3:0	Rodents	TRUE	C3:0	Short		Tryptamine-C11:4	Humans	TRUE	C11:4	Medium		Histidine-C15:0	Microbes	TRUE	C15:0	Long						
Threonine/homoserine-C3:0	Humans	TRUE	C3:0	Short		Tryptamine-C11:4	Microbes	TRUE	C11:4	Medium		Leucine-C15:0	Humans	TRUE	C15:0	Long						
Threonine/homoserine-C3:0	Rodents	TRUE	C3:0	Short		Alanine/Sarcosine-C12:0	Humans	TRUE	C12:0	Medium		Leucine-C15:0	Rodents	TRUE	C15:0	Long						
Threonine/homoserine-C3:0	Microbes	TRUE	C3:0	Short		Alanine/Sarcosine-C12:0	Rodents	TRUE	C12:0	Medium		Leucine-C15:0	Microbes	TRUE	C15:0	Long						
Tryptamine-C3:0	Microbes	TRUE	C3:0	Short		Aminoadipic acid-C12:0	Microbes	TRUE	C12:0	Medium		Leucine-C15:0	Foods	TRUE	C15:0	Long						
Tryptophan-C3:0	Humans	TRUE	C3:0	Short		Arginine-C12:0	Humans	TRUE	C12:0	Medium		Lysine-C15:0	Humans	TRUE	C15:0	Long						
Tryptophan-C3:0	Microbes	TRUE	C3:0	Short		Arginine-C12:0	Microbes	TRUE	C12:0	Medium		Lysine-C15:0	Rodents	TRUE	C15:0	Long						
Tryptophan-C3:0	Foods	TRUE	C3:0	Short		Arginine-C12:0	Foods	TRUE	C12:0	Medium		Lysine-C15:0	Microbes	TRUE	C15:0	Long						
Tyramine-C3:0	Humans	TRUE	C3:0	Short		Asparagine-C12:0	Humans	TRUE	C12:0	Medium		Methionine-C15:0	Rodents	TRUE	C15:0	Long						
Tyrosine-C3:0	Humans	TRUE	C3:0	Short		Asparagine-C12:0	Microbes	TRUE	C12:0	Medium		Methionine-C15:0	Microbes	TRUE	C15:0	Long						
Tyrosine-C3:0	Microbes	TRUE	C3:0	Short		Cadaverine-C12:0	Humans	TRUE	C12:0	Medium		Ornithine-C15:0	Microbes	TRUE	C15:0	Long						
Valine-C3:0	Humans	TRUE	C3:0	Short		Cadaverine-C12:0	Microbes	TRUE	C12:0	Medium		Phenylalanine-C15:0	Humans	TRUE	C15:0	Long						
Alanine/Sarcosine-C4:0	Humans	TRUE	C4:0	Short		Citrulline-C12:0	Humans	TRUE	C12:0	Medium		Phenylalanine-C15:0	Rodents	TRUE	C15:0	Long						
Alanine/Sarcosine-C4:0	Rodents	TRUE	C4:0	Short		Citrulline-C12:0	Microbes	TRUE	C12:0	Medium		Phenylalanine-C15:0	Microbes	TRUE	C15:0	Long						
Amylamine-C4:0	Rodents	TRUE	C4:0	Short		GABA-C12:0	Humans	TRUE	C12:0	Medium		Putrescine-C15:0	Humans	TRUE	C15:0	Long						
Amylamine-C4:0	Microbes	TRUE	C4:0	Short		GABA-C12:0	Microbes	TRUE	C12:0	Medium		Serine-C15:0	Humans	TRUE	C15:0	Long						
Cadaverine-C4:0	Humans	TRUE	C4:0	Short		GABA-C12:0	Foods	TRUE	C12:0	Medium		Serine-C15:0	Rodents	TRUE	C15:0	Long						
Cadaverine-C4:0	Rodents	TRUE	C4:0	Short		Glutamic acid-C12:0	Humans	TRUE	C12:0	Medium		Serine-C15:0	Microbes	TRUE	C15:0	Long						
GABA-C4:0	Humans	TRUE	C4:0	Short		Glutamine-C12:0	Humans	TRUE	C12:0	Medium		Threonine/homoserine-C15:0	Microbes	TRUE	C15:0	Long						
Glutamic acid-C4:0	Humans	TRUE	C4:0	Short		Glutamine-C12:0	Microbes	TRUE	C12:0	Medium		Tryptamine-C15:0	Humans	TRUE	C15:0	Long						
Glutamic acid-C4:0	Rodents	TRUE	C4:0	Short		Glutamine-C12:0	Foods	TRUE	C12:0	Medium		Tryptophan-C15:0	Microbes	TRUE	C15:0	Long						
Glutamic acid-C4:0	Microbes	TRUE	C4:0	Short		Histamine-C12:0	Humans	TRUE	C12:0	Medium		Tyramine-C15:0	Humans	TRUE	C15:0	Long						
Glycine-C4:0	Humans	TRUE	C4:0	Short		Histidine-C12:0	Humans	TRUE	C12:0	Medium		Tyramine-C15:0	Microbes	TRUE	C15:0	Long						
Glycine-C4:0	Rodents	TRUE	C4:0	Short		Histidine-C12:0	Foods	TRUE	C12:0	Medium		Tyrosine-C15:0	Rodents	TRUE	C15:0	Long						
Glycine-C4:0	Microbes	TRUE	C4:0	Short		Histidine-C12:0	Plants	TRUE	C12:0	Medium		Tyrosine-C15:0	Microbes	TRUE	C15:0	Long						
Histamine-C4:0	Humans	TRUE	C4:0	Short		Leucine-C12:0	Humans	TRUE	C12:0	Medium		Valine-C15:0	Humans	TRUE	C15:0	Long						
Histidine-C4:0	Humans	TRUE	C4:0	Short		Leucine-C12:0	Microbes	TRUE	C12:0	Medium		Valine-C15:0	Microbes	TRUE	C15:0	Long						
Histidine-C4:0	Rodents	TRUE	C4:0	Short		Leucine-C12:0	Foods	TRUE	C12:0	Medium		Alanine/Sarcosine-C15:1	Microbes	TRUE	C15:1	Long						
Histidine-C4:0	Foods	TRUE	C4:0	Short		Lysine-C12:0	Humans	TRUE	C12:0	Medium		Asparagine-C15:1	Microbes	TRUE	C15:1	Long						
Leucine-C4:0	Humans	TRUE	C4:0	Short		Lysine-C12:0	Rodents	TRUE	C12:0	Medium		Glutamic acid-C15:1	Humans	TRUE	C15:1	Long						
Leucine-C4:0	Rodents	TRUE	C4:0	Short		Lysine-C12:0	Microbes	TRUE	C12:0	Medium		Glutamic acid-C15:1	Microbes	TRUE	C15:1	Long						
Leucine-C4:0	Microbes	TRUE	C4:0	Short		Lysine-C12:0	Foods	TRUE	C12:0	Medium		Glutamine-C15:1	Humans	TRUE	C15:1	Long						
Leucine-C4:0	Foods	TRUE	C4:0	Short		Methionine-C12:0	Humans	TRUE	C12:0	Medium		Glutamine-C15:1	Microbes	TRUE	C15:1	Long						
Lysine-C4:0	Humans	TRUE	C4:0	Short		Methionine-C12:0	Microbes	TRUE	C12:0	Medium		Leucine-C15:1	Humans	TRUE	C15:1	Long						
Lysine-C4:0	Rodents	TRUE	C4:0	Short		Methionine-C12:0	Foods	TRUE	C12:0	Medium		Leucine-C15:1	Microbes	TRUE	C15:1	Long						
Lysine-C4:0	Microbes	TRUE	C4:0	Short		Phenylalanine-C12:0	Humans	TRUE	C12:0	Medium		Serine-C15:1	Microbes	TRUE	C15:1	Long						
Lysine-C4:0	Foods	TRUE	C4:0	Short		Phenylalanine-C12:0	Rodents	TRUE	C12:0	Medium		Threonine/homoserine-C15:1	Microbes	TRUE	C15:1	Long						
Methionine-C4:0	Humans	TRUE	C4:0	Short		Phenylalanine-C12:0	Microbes	TRUE	C12:0	Medium		Alanine/Sarcosine-C15:2	Microbes	TRUE	C15:2	Long						
Methionine-C4:0	Rodents	TRUE	C4:0	Short		Phenylalanine-C12:0	Foods	TRUE	C12:0	Medium		Glutathione-C15:4	Rodents	TRUE	C15:4	Long						
Methionine-C4:0	Microbes	TRUE	C4:0	Short		Serine-C12:0	Humans	TRUE	C12:0	Medium		Histidine-C15:4	Humans	TRUE	C15:4	Long						
Methionine-C4:0	Foods	TRUE	C4:0	Short		Serine-C12:0	Microbes	TRUE	C12:0	Medium		2-aminovaleric acid-C16:0	Humans	TRUE	C16:0	Long						
N-acetylcadaverine-C4:0	Humans	TRUE	C4:0	Short		Taurine-C12:0	Humans	TRUE	C12:0	Medium		2-aminovaleric acid-C16:0	Rodents	TRUE	C16:0	Long						
N-acetylornithine-C4:0	Humans	TRUE	C4:0	Short		Threonine/homoserine-C12:0	Humans	TRUE	C12:0	Medium		2-aminovaleric acid-C16:0	Microbes	TRUE	C16:0	Long						
N-acetylornithine-C4:0	Rodents	TRUE	C4:0	Short		Threonine/homoserine-C12:0	Microbes	TRUE	C12:0	Medium		2-aminovaleric acid-C16:0	Plants	TRUE	C16:0	Long						
N-acetylputrescine-C4:0	Humans	TRUE	C4:0	Short		Tryptamine-C12:0	Humans	TRUE	C12:0	Medium		2-phenethylamine-C16:0	Humans	TRUE	C16:0	Long						
Phenylalanine-C4:0	Humans	TRUE	C4:0	Short		Tryptophan-C12:0	Humans	TRUE	C12:0	Medium		2-phenethylamine-C16:0	Rodents	TRUE	C16:0	Long						
Phenylalanine-C4:0	Rodents	TRUE	C4:0	Short		Tyramine-C12:0	Humans	TRUE	C12:0	Medium		2-phenethylamine-C16:0	Foods	TRUE	C16:0	Long						
Phenylalanine-C4:0	Microbes	TRUE	C4:0	Short		Tyrosine-C12:0	Humans	TRUE	C12:0	Medium		2-phenethylamine-C16:0	Plants	TRUE	C16:0	Long						
Phenylalanine-C4:0	Foods	TRUE	C4:0	Short		Tyrosine-C12:0	Microbes	TRUE	C12:0	Medium		Alanine/Sarcosine-C16:0	Humans	TRUE	C16:0	Long						
Putrescine-C4:0	Humans	TRUE	C4:0	Short		Tyrosine-C12:0	Foods	TRUE	C12:0	Medium		Alanine/Sarcosine-C16:0	Rodents	TRUE	C16:0	Long						
Putrescine-C4:0	Rodents	TRUE	C4:0	Short		Arginine-C12:1	Microbes	TRUE	C12:1	Medium		Alanine/Sarcosine-C16:0	Microbes	TRUE	C16:0	Long						
Spermidine-C4:0	Humans	TRUE	C4:0	Short		Glutamine-C12:1	Humans	TRUE	C12:1	Medium		Amylamine-C16:0	Humans	TRUE	C16:0	Long						
Spermidine-C4:0	Rodents	TRUE	C4:0	Short		Glutamine-C12:1	Microbes	TRUE	C12:1	Medium		Amylamine-C16:0	Rodents	TRUE	C16:0	Long						
Threonine/homoserine-C4:0	Humans	TRUE	C4:0	Short		Leucine-C12:1	Humans	TRUE	C12:1	Medium		Amylamine-C16:0	Microbes	TRUE	C16:0	Long						
Threonine/homoserine-C4:0	Microbes	TRUE	C4:0	Short		Lysine-C12:1	Microbes	TRUE	C12:1	Medium		Amylamine-C16:0	Foods	TRUE	C16:0	Long						
Tryptophan-C4:0	Humans	TRUE	C4:0	Short		Phenylalanine-C12:1	Humans	TRUE	C12:1	Medium		Amylamine-C16:0	Plants	TRUE	C16:0	Long						
Tryptophan-C4:0	Rodents	TRUE	C4:0	Short		Serine-C12:1	Microbes	TRUE	C12:1	Medium		Arginine-C16:0	Humans	TRUE	C16:0	Long						
Tryptophan-C4:0	Microbes	TRUE	C4:0	Short		Spermidine-C12:1	Rodents	TRUE	C12:1	Medium		Arginine-C16:0	Rodents	TRUE	C16:0	Long						
Tryptophan-C4:0	Foods	TRUE	C4:0	Short		Alanine/Sarcosine-C12:2	Humans	TRUE	C12:2	Medium		Arginine-C16:0	Microbes	TRUE	C16:0	Long						
Tyramine-C4:0	Humans	TRUE	C4:0	Short		Glycine-C12:2	Rodents	TRUE	C12:2	Medium		Arginine-C16:0	Foods	TRUE	C16:0	Long						
Tyramine-C4:0	Microbes	TRUE	C4:0	Short		Leucine-C12:2	Humans	TRUE	C12:2	Medium		Arginine-C16:0	Plants	TRUE	C16:0	Long						
Tyramine-C4:0	Plants	TRUE	C4:0	Short		Lysine-C12:2	Humans	TRUE	C12:2	Medium		Asparagine-C16:0	Humans	TRUE	C16:0	Long						
Tyrosine-C4:0	Humans	TRUE	C4:0	Short		Phenylalanine-C12:2	Humans	TRUE	C12:2	Medium		Asparagine-C16:0	Rodents	TRUE	C16:0	Long						
Tyrosine-C4:0	Rodents	TRUE	C4:0	Short		Tryptamine-C12:2	Rodents	TRUE	C12:2	Medium		Asparagine-C16:0	Microbes	TRUE	C16:0	Long						
Tyrosine-C4:0	Microbes	TRUE	C4:0	Short		Glutathione-C12:3	Rodents	TRUE	C12:3	Medium		Asparagine-C16:0	Foods	TRUE	C16:0	Long						
Tyrosine-C4:0	Foods	TRUE	C4:0	Short		Arginine-C12:4	Rodents	TRUE	C12:4	Medium		Asparagine-C16:0	Plants	TRUE	C16:0	Long						
Tyrosine-C4:0	Plants	TRUE	C4:0	Short		Arginine-C12:4	Microbes	TRUE	C12:4	Medium		Aspartic acid-C16:0	Plants	TRUE	C16:0	Long						
Cadaverine-C4:1	Humans	TRUE	C4:1	Short		Arginine-C12:4	Foods	TRUE	C12:4	Medium		Cadaverine-C16:0	Humans	TRUE	C16:0	Long						
N-acetylputrescine-C4:1	Humans	TRUE	C4:1	Short		Arginine-C12:4	Plants	TRUE	C12:4	Medium		Cadaverine-C16:0	Rodents	TRUE	C16:0	Long						
Tryptophan-C4:1	Foods	TRUE	C4:1	Short		2-phenethylamine-C7:0	Microbes	TRUE	C7:0	Medium		Cadaverine-C16:0	Microbes	TRUE	C16:0	Long						
2-aminovaleric acid-C5:0	Humans	TRUE	C5:0	Short		2-phenethylamine-C7:0	Foods	TRUE	C7:0	Medium		Cadaverine-C16:0	Foods	TRUE	C16:0	Long						
2-aminovaleric acid-C5:0	Rodents	TRUE	C5:0	Short		Amylamine-C7:0	Humans	TRUE	C7:0	Medium		Citrulline-C16:0	Humans	TRUE	C16:0	Long						
2-aminovaleric acid-C5:0	Microbes	TRUE	C5:0	Short		Cadaverine-C7:0	Humans	TRUE	C7:0	Medium		Citrulline-C16:0	Rodents	TRUE	C16:0	Long						
2-phenethylamine-C5:0	Humans	TRUE	C5:0	Short		Cadaverine-C7:0	Microbes	TRUE	C7:0	Medium		Citrulline-C16:0	Microbes	TRUE	C16:0	Long						
2-phenethylamine-C5:0	Microbes	TRUE	C5:0	Short		Glutamine-C7:0	Humans	TRUE	C7:0	Medium		Citrulline-C16:0	Foods	TRUE	C16:0	Long						
Alanine/Sarcosine-C5:0	Humans	TRUE	C5:0	Short		Leucine-C7:0	Humans	TRUE	C7:0	Medium		GABA-C16:0	Humans	TRUE	C16:0	Long						
Alanine/Sarcosine-C5:0	Microbes	TRUE	C5:0	Short		Lysine-C7:0	Humans	TRUE	C7:0	Medium		GABA-C16:0	Microbes	TRUE	C16:0	Long						
Amylamine-C5:0	Humans	TRUE	C5:0	Short		Lysine-C7:0	Rodents	TRUE	C7:0	Medium		GABA-C16:0	Plants	TRUE	C16:0	Long						
Amylamine-C5:0	Rodents	TRUE	C5:0	Short		Lysine-C7:0	Microbes	TRUE	C7:0	Medium		Glutamic acid-C16:0	Humans	TRUE	C16:0	Long						
Arginine-C5:0	Humans	TRUE	C5:0	Short		Phenylalanine-C7:0	Humans	TRUE	C7:0	Medium		Glutamic acid-C16:0	Rodents	TRUE	C16:0	Long						
Arginine-C5:0	Rodents	TRUE	C5:0	Short		Threonine/homoserine-C7:0	Humans	TRUE	C7:0	Medium		Glutamic acid-C16:0	Microbes	TRUE	C16:0	Long						
Arginine-C5:0	Microbes	TRUE	C5:0	Short		Tryptophan-C7:0	Rodents	TRUE	C7:0	Medium		Glutamic acid-C16:0	Plants	TRUE	C16:0	Long						
Arginine-C5:0	Foods	TRUE	C5:0	Short		Tryptophan-C7:0	Microbes	TRUE	C7:0	Medium		Glutamine-C16:0	Humans	TRUE	C16:0	Long						
Arginine-C5:0	Plants	TRUE	C5:0	Short		Glutamine-C7:1	Humans	TRUE	C7:1	Medium		Glutamine-C16:0	Rodents	TRUE	C16:0	Long						
Cadaverine-C5:0	Humans	TRUE	C5:0	Short		Glycine-C7:1	Humans	TRUE	C7:1	Medium		Glutamine-C16:0	Microbes	TRUE	C16:0	Long						
Cadaverine-C5:0	Rodents	TRUE	C5:0	Short		Glycine-C7:1	Rodents	TRUE	C7:1	Medium		Glutamine-C16:0	Foods	TRUE	C16:0	Long						
Cadaverine-C5:0	Microbes	TRUE	C5:0	Short		Glutamine-C7:2	Humans	TRUE	C7:2	Medium		Glutamine-C16:0	Plants	TRUE	C16:0	Long						
Citrulline-C5:0	Humans	TRUE	C5:0	Short		Glutathione-C7:3	Foods	TRUE	C7:3	Medium		Histidine-C16:0	Humans	TRUE	C16:0	Long						
Cystathionine-C5:0	Humans	TRUE	C5:0	Short		Glutathione-C7:3	Plants	TRUE	C7:3	Medium		Histidine-C16:0	Rodents	TRUE	C16:0	Long						
GABA-C5:0	Humans	TRUE	C5:0	Short		2-phenethylamine-C8:0	Microbes	TRUE	C8:0	Medium		Histidine-C16:0	Microbes	TRUE	C16:0	Long						
GABA-C5:0	Microbes	TRUE	C5:0	Short		2-phenethylamine-C8:0	Foods	TRUE	C8:0	Medium		Histidine-C16:0	Foods	TRUE	C16:0	Long						
Glutamine-C5:0	Humans	TRUE	C5:0	Short		2-phenethylamine-C8:0	Plants	TRUE	C8:0	Medium		Leucine-C16:0	Humans	TRUE	C16:0	Long						
Glutamine-C5:0	Rodents	TRUE	C5:0	Short		Alanine/Sarcosine-C8:0	Humans	TRUE	C8:0	Medium		Leucine-C16:0	Rodents	TRUE	C16:0	Long						
Glutamine-C5:0	Microbes	TRUE	C5:0	Short		Arginine-C8:0	Humans	TRUE	C8:0	Medium		Leucine-C16:0	Microbes	TRUE	C16:0	Long						
Histamine-C5:0	Humans	TRUE	C5:0	Short		Arginine-C8:0	Microbes	TRUE	C8:0	Medium		Leucine-C16:0	Foods	TRUE	C16:0	Long						
Histamine-C5:0	Rodents	TRUE	C5:0	Short		Arginine-C8:0	Foods	TRUE	C8:0	Medium		Leucine-C16:0	Plants	TRUE	C16:0	Long						
Histidine-C5:0	Humans	TRUE	C5:0	Short		Cadaverine-C8:0	Humans	TRUE	C8:0	Medium		Lysine-C16:0	Humans	TRUE	C16:0	Long						
Histidine-C5:0	Rodents	TRUE	C5:0	Short		Cadaverine-C8:0	Microbes	TRUE	C8:0	Medium		Lysine-C16:0	Rodents	TRUE	C16:0	Long						
Leucine-C5:0	Humans	TRUE	C5:0	Short		GABA-C8:0	Humans	TRUE	C8:0	Medium		Lysine-C16:0	Microbes	TRUE	C16:0	Long						
Leucine-C5:0	Rodents	TRUE	C5:0	Short		GABA-C8:0	Microbes	TRUE	C8:0	Medium		Lysine-C16:0	Foods	TRUE	C16:0	Long						
Leucine-C5:0	Foods	TRUE	C5:0	Short		Glutamic acid-C8:0	Humans	TRUE	C8:0	Medium		Methionine-C16:0	Humans	TRUE	C16:0	Long						
Lysine-C5:0	Humans	TRUE	C5:0	Short		Glutamic acid-C8:0	Microbes	TRUE	C8:0	Medium		Methionine-C16:0	Rodents	TRUE	C16:0	Long						
Lysine-C5:0	Rodents	TRUE	C5:0	Short		Glutamic acid-C8:0	Plants	TRUE	C8:0	Medium		Methionine-C16:0	Microbes	TRUE	C16:0	Long						
Methionine-C5:0	Humans	TRUE	C5:0	Short		Glycine-C8:0	Humans	TRUE	C8:0	Medium		Methionine-C16:0	Foods	TRUE	C16:0	Long						
Methionine-C5:0	Microbes	TRUE	C5:0	Short		Glycine-C8:0	Rodents	TRUE	C8:0	Medium		Phenylalanine-C16:0	Humans	TRUE	C16:0	Long						
Methionine-C5:0	Foods	TRUE	C5:0	Short		Histamine-C8:0	Foods	TRUE	C8:0	Medium		Phenylalanine-C16:0	Rodents	TRUE	C16:0	Long						
Phenylalanine-C5:0	Humans	TRUE	C5:0	Short		Histamine-C8:0	Plants	TRUE	C8:0	Medium		Phenylalanine-C16:0	Microbes	TRUE	C16:0	Long						
Phenylalanine-C5:0	Rodents	TRUE	C5:0	Short		Histidine-C8:0	Humans	TRUE	C8:0	Medium		Phenylalanine-C16:0	Foods	TRUE	C16:0	Long						
Phenylalanine-C5:0	Microbes	TRUE	C5:0	Short		Histidine-C8:0	Rodents	TRUE	C8:0	Medium		Putrescine-C16:0	Humans	TRUE	C16:0	Long						
Phenylalanine-C5:0	Foods	TRUE	C5:0	Short		Histidine-C8:0	Foods	TRUE	C8:0	Medium		Putrescine-C16:0	Rodents	TRUE	C16:0	Long						
Putrescine-C5:0	Humans	TRUE	C5:0	Short		Histidine-C8:0	Plants	TRUE	C8:0	Medium		Putrescine-C16:0	Microbes	TRUE	C16:0	Long						
Putrescine-C5:0	Rodents	TRUE	C5:0	Short		Leucine-C8:0	Humans	TRUE	C8:0	Medium		Putrescine-C16:0	Foods	TRUE	C16:0	Long						
Threonine/homoserine-C5:0	Microbes	TRUE	C5:0	Short		Leucine-C8:0	Microbes	TRUE	C8:0	Medium		Putrescine-C16:0	Plants	TRUE	C16:0	Long						
Tryptamine-C5:0	Microbes	TRUE	C5:0	Short		Leucine-C8:0	Foods	TRUE	C8:0	Medium		Serine-C16:0	Humans	TRUE	C16:0	Long						
Tryptophan-C5:0	Humans	TRUE	C5:0	Short		Leucine-C8:0	Plants	TRUE	C8:0	Medium		Serine-C16:0	Rodents	TRUE	C16:0	Long						
Tryptophan-C5:0	Rodents	TRUE	C5:0	Short		Lysine-C8:0	Humans	TRUE	C8:0	Medium		Serine-C16:0	Microbes	TRUE	C16:0	Long						
Tryptophan-C5:0	Microbes	TRUE	C5:0	Short		Lysine-C8:0	Rodents	TRUE	C8:0	Medium		Serine-C16:0	Foods	TRUE	C16:0	Long						
Tyrosine-C5:0	Humans	TRUE	C5:0	Short		Lysine-C8:0	Microbes	TRUE	C8:0	Medium		Serine-C16:0	Plants	TRUE	C16:0	Long						
Tyrosine-C5:0	Rodents	TRUE	C5:0	Short		Lysine-C8:0	Foods	TRUE	C8:0	Medium		Serotonin-C16:0	Foods	TRUE	C16:0	Long						
Tyrosine-C5:0	Microbes	TRUE	C5:0	Short		Methionine-C8:0	Humans	TRUE	C8:0	Medium		Serotonin-C16:0	Plants	TRUE	C16:0	Long						
Cadaverine-C5:1	Humans	TRUE	C5:1	Short		Methionine-C8:0	Microbes	TRUE	C8:0	Medium		Spermidine-C16:0	Humans	TRUE	C16:0	Long						
Cadaverine-C5:1	Rodents	TRUE	C5:1	Short		Methionine-C8:0	Foods	TRUE	C8:0	Medium		Spermidine-C16:0	Rodents	TRUE	C16:0	Long						
Cadaverine-C5:1	Microbes	TRUE	C5:1	Short		Methionine-C8:0	Plants	TRUE	C8:0	Medium		Spermidine-C16:0	Microbes	TRUE	C16:0	Long						
Glycine-C5:1	Humans	TRUE	C5:1	Short		Phenylalanine-C8:0	Humans	TRUE	C8:0	Medium		Taurine-C16:0	Humans	TRUE	C16:0	Long						
Glycine-C5:1	Rodents	TRUE	C5:1	Short		Phenylalanine-C8:0	Microbes	TRUE	C8:0	Medium		Taurine-C16:0	Rodents	TRUE	C16:0	Long						
Glycine-C5:1	Plants	TRUE	C5:1	Short		Phenylalanine-C8:0	Foods	TRUE	C8:0	Medium		Taurine-C16:0	Microbes	TRUE	C16:0	Long						
Valine-C5:1	Rodents	TRUE	C5:1	Short		Phenylalanine-C8:0	Plants	TRUE	C8:0	Medium		Taurine-C16:0	Foods	TRUE	C16:0	Long						
Cadaverine-C5:2	Humans	TRUE	C5:2	Short		Putrescine-C8:0	Humans	TRUE	C8:0	Medium		Threonine/homoserine-C16:0	Humans	TRUE	C16:0	Long						
2-phenethylamine-C6:0	Microbes	TRUE	C6:0	Short		Serine-C8:0	Humans	TRUE	C8:0	Medium		Threonine/homoserine-C16:0	Microbes	TRUE	C16:0	Long						
2-phenethylamine-C6:0	Foods	TRUE	C6:0	Short		Serine-C8:0	Rodents	TRUE	C8:0	Medium		Threonine/homoserine-C16:0	Plants	TRUE	C16:0	Long						
2-phenethylamine-C6:0	Plants	TRUE	C6:0	Short		Serine-C8:0	Microbes	TRUE	C8:0	Medium		Tryptamine-C16:0	Humans	TRUE	C16:0	Long						
Alanine/Sarcosine-C6:0	Humans	TRUE	C6:0	Short		Threonine/homoserine-C8:0	Humans	TRUE	C8:0	Medium		Tryptophan-C16:0	Humans	TRUE	C16:0	Long						
Alanine/Sarcosine-C6:0	Rodents	TRUE	C6:0	Short		Threonine/homoserine-C8:0	Microbes	TRUE	C8:0	Medium		Tryptophan-C16:0	Rodents	TRUE	C16:0	Long						
Alanine/Sarcosine-C6:0	Microbes	TRUE	C6:0	Short		Threonine/homoserine-C8:0	Plants	TRUE	C8:0	Medium		Tryptophan-C16:0	Microbes	TRUE	C16:0	Long						
Amylamine-C6:0	Humans	TRUE	C6:0	Short		Tryptophan-C8:0	Humans	TRUE	C8:0	Medium		Tryptophan-C16:0	Foods	TRUE	C16:0	Long						
Amylamine-C6:0	Rodents	TRUE	C6:0	Short		Tryptophan-C8:0	Microbes	TRUE	C8:0	Medium		Tryptophan-C16:0	Plants	TRUE	C16:0	Long						
Amylamine-C6:0	Plants	TRUE	C6:0	Short		Tyramine-C8:0	Humans	TRUE	C8:0	Medium		Tyramine-C16:0	Humans	TRUE	C16:0	Long						
Arginine-C6:0	Humans	TRUE	C6:0	Short		Tyrosine-C8:0	Humans	TRUE	C8:0	Medium		Tyramine-C16:0	Foods	TRUE	C16:0	Long						
Arginine-C6:0	Rodents	TRUE	C6:0	Short		Tyrosine-C8:0	Microbes	TRUE	C8:0	Medium		Tyrosine-C16:0	Humans	TRUE	C16:0	Long						
Arginine-C6:0	Microbes	TRUE	C6:0	Short		Tyrosine-C8:0	Foods	TRUE	C8:0	Medium		Tyrosine-C16:0	Rodents	TRUE	C16:0	Long						
Arginine-C6:0	Foods	TRUE	C6:0	Short		Tyrosine-C8:0	Plants	TRUE	C8:0	Medium		Tyrosine-C16:0	Microbes	TRUE	C16:0	Long						
Aspartic acid-C6:0	Humans	TRUE	C6:0	Short		2-phenethylamine-C8:1	Microbes	TRUE	C8:1	Medium		Tyrosine-C16:0	Foods	TRUE	C16:0	Long						
Aspartic acid-C6:0	Plants	TRUE	C6:0	Short		2-phenethylamine-C8:1	Foods	TRUE	C8:1	Medium		Valine-C16:0	Humans	TRUE	C16:0	Long						
Cadaverine-C6:0	Humans	TRUE	C6:0	Short		Alanine/Sarcosine-C8:1	Humans	TRUE	C8:1	Medium		Valine-C16:0	Rodents	TRUE	C16:0	Long						
Cadaverine-C6:0	Rodents	TRUE	C6:0	Short		Glutamine-C8:1	Humans	TRUE	C8:1	Medium		Valine-C16:0	Microbes	TRUE	C16:0	Long						
Cystathionine-C6:0	Humans	TRUE	C6:0	Short		Histidine-C8:1	Humans	TRUE	C8:1	Medium		Valine-C16:0	Foods	TRUE	C16:0	Long						
GABA-C6:0	Humans	TRUE	C6:0	Short		Leucine-C8:1	Humans	TRUE	C8:1	Medium		Valine-C16:0	Plants	TRUE	C16:0	Long						
GABA-C6:0	Microbes	TRUE	C6:0	Short		Leucine-C8:1	Microbes	TRUE	C8:1	Medium		2-aminovaleric acid-C16:1	Humans	TRUE	C16:1	Long						
GABA-C6:0	Plants	TRUE	C6:0	Short		Tryptophan-C8:1	Microbes	TRUE	C8:1	Medium		2-aminovaleric acid-C16:1	Microbes	TRUE	C16:1	Long						
Glutamic acid-C6:0	Humans	TRUE	C6:0	Short		Glutamine-C8:2	Humans	TRUE	C8:2	Medium		2-phenethylamine-C16:1	Humans	TRUE	C16:1	Long						
Glutamic acid-C6:0	Rodents	TRUE	C6:0	Short		Glycine-C8:2	Rodents	TRUE	C8:2	Medium		2-phenethylamine-C16:1	Microbes	TRUE	C16:1	Long						
Glutamic acid-C6:0	Microbes	TRUE	C6:0	Short		Tyramine-C8:3	Humans	TRUE	C8:3	Medium		2-phenethylamine-C16:1	Foods	TRUE	C16:1	Long						
Glutamic acid-C6:0	Plants	TRUE	C6:0	Short		Amylamine-C9:0	Plants	TRUE	C9:0	Medium		Alanine/Sarcosine-C16:1	Microbes	TRUE	C16:1	Long						
Glutamine-C6:0	Humans	TRUE	C6:0	Short		Glutamic acid-C9:0	Microbes	TRUE	C9:0	Medium		Amylamine-C16:1	Rodents	TRUE	C16:1	Long						
Glutamine-C6:0	Rodents	TRUE	C6:0	Short		Glutamine-C9:0	Humans	TRUE	C9:0	Medium		Amylamine-C16:1	Foods	TRUE	C16:1	Long						
Glutamine-C6:0	Microbes	TRUE	C6:0	Short		Glutamine-C9:0	Microbes	TRUE	C9:0	Medium		Amylamine-C16:1	Plants	TRUE	C16:1	Long						
Glutamine-C6:0	Foods	TRUE	C6:0	Short		Leucine-C9:0	Humans	TRUE	C9:0	Medium		Arginine-C16:1	Rodents	TRUE	C16:1	Long						
Glutamine-C6:0	Plants	TRUE	C6:0	Short		Leucine-C9:0	Microbes	TRUE	C9:0	Medium		Arginine-C16:1	Microbes	TRUE	C16:1	Long						
Glycine-C6:0	Humans	TRUE	C6:0	Short		Lysine-C9:0	Microbes	TRUE	C9:0	Medium		Arginine-C16:1	Foods	TRUE	C16:1	Long						
Glycine-C6:0	Rodents	TRUE	C6:0	Short		Phenylalanine-C9:0	Microbes	TRUE	C9:0	Medium		Asparagine-C16:1	Microbes	TRUE	C16:1	Long						
Histamine-C6:0	Humans	TRUE	C6:0	Short		Serine-C9:0	Microbes	TRUE	C9:0	Medium		Aspartic acid-C16:1	Humans	TRUE	C16:1	Long						
Histamine-C6:0	Foods	TRUE	C6:0	Short		Threonine/homoserine-C9:0	Microbes	TRUE	C9:0	Medium		Citrulline-C16:1	Humans	TRUE	C16:1	Long						
Histamine-C6:0	Plants	TRUE	C6:0	Short		Tryptophan-C9:0	Microbes	TRUE	C9:0	Medium		Citrulline-C16:1	Rodents	TRUE	C16:1	Long						
Histidine-C6:0	Humans	TRUE	C6:0	Short		Glutamine-C9:1	Humans	TRUE	C9:1	Medium		Citrulline-C16:1	Microbes	TRUE	C16:1	Long						
Histidine-C6:0	Rodents	TRUE	C6:0	Short		Glutathione-C9:1	Rodents	TRUE	C9:1	Medium		Citrulline-C16:1	Foods	TRUE	C16:1	Long						
Histidine-C6:0	Microbes	TRUE	C6:0	Short		Glutamine-C9:2	Humans	TRUE	C9:2	Medium		GABA-C16:1	Plants	TRUE	C16:1	Long						
Histidine-C6:0	Foods	TRUE	C6:0	Short		Arginine-C9:4	Humans	TRUE	C9:4	Medium		Glutamic acid-C16:1	Humans	TRUE	C16:1	Long						
Leucine-C6:0	Humans	TRUE	C6:0	Short		Arginine-C9:4	Rodents	TRUE	C9:4	Medium		Glutamic acid-C16:1	Microbes	TRUE	C16:1	Long						
Leucine-C6:0	Rodents	TRUE	C6:0	Short		Histidine-C9:4	Microbes	TRUE	C9:4	Medium		Glutamine-C16:1	Humans	TRUE	C16:1	Long						
Leucine-C6:0	Microbes	TRUE	C6:0	Short		Histidine-C9:4	Foods	TRUE	C9:4	Medium		Glutamine-C16:1	Rodents	TRUE	C16:1	Long						
Leucine-C6:0	Foods	TRUE	C6:0	Short		Leucine-C9:4	Humans	TRUE	C9:4	Medium		Glutamine-C16:1	Microbes	TRUE	C16:1	Long						
Methionine-C6:0	Humans	TRUE	C6:0	Short		Leucine-C9:4	Rodents	TRUE	C9:4	Medium		Glycine-C16:1	Humans	TRUE	C16:1	Long						
Methionine-C6:0	Rodents	TRUE	C6:0	Short		Leucine-C9:4	Microbes	TRUE	C9:4	Medium		Glycine-C16:1	Rodents	TRUE	C16:1	Long						
Methionine-C6:0	Microbes	TRUE	C6:0	Short		Methionine-C9:4	Humans	TRUE	C9:4	Medium		Glycine-C16:1	Microbes	TRUE	C16:1	Long						
Methionine-C6:0	Foods	TRUE	C6:0	Short		Methionine-C9:4	Microbes	TRUE	C9:4	Medium		Glycine-C16:1	Foods	TRUE	C16:1	Long						
Phenylalanine-C6:0	Humans	TRUE	C6:0	Short		Phenylalanine-C9:4	Humans	TRUE	C9:4	Medium		Histamine-C16:1	Humans	TRUE	C16:1	Long						
Phenylalanine-C6:0	Rodents	TRUE	C6:0	Short		Tyramine-C9:4	Humans	TRUE	C9:4	Medium		Histidine-C16:1	Rodents	TRUE	C16:1	Long						
Phenylalanine-C6:0	Microbes	TRUE	C6:0	Short		Tyramine-C9:4	Microbes	TRUE	C9:4	Medium		Histidine-C16:1	Microbes	TRUE	C16:1	Long						
Phenylalanine-C6:0	Foods	TRUE	C6:0	Short		Tyrosine-C9:4	Humans	TRUE	C9:4	Medium		Leucine-C16:1	Humans	TRUE	C16:1	Long						
Phenylalanine-C6:0	Plants	TRUE	C6:0	Short								Leucine-C16:1	Rodents	TRUE	C16:1	Long						
Putrescine-C6:0	Humans	TRUE	C6:0	Short								Leucine-C16:1	Microbes	TRUE	C16:1	Long						
Putrescine-C6:0	Rodents	TRUE	C6:0	Short								Leucine-C16:1	Foods	TRUE	C16:1	Long						
Threonine/homoserine-C6:0	Humans	TRUE	C6:0	Short								Lysine-C16:1	Humans	TRUE	C16:1	Long						
Threonine/homoserine-C6:0	Microbes	TRUE	C6:0	Short								Lysine-C16:1	Rodents	TRUE	C16:1	Long						
Tryptophan-C6:0	Humans	TRUE	C6:0	Short								Lysine-C16:1	Microbes	TRUE	C16:1	Long						
Tyramine-C6:0	Humans	TRUE	C6:0	Short								Lysine-C16:1	Foods	TRUE	C16:1	Long						
Tyramine-C6:0	Rodents	TRUE	C6:0	Short								Methionine-C16:1	Rodents	TRUE	C16:1	Long						
Tyramine-C6:0	Plants	TRUE	C6:0	Short								Methionine-C16:1	Microbes	TRUE	C16:1	Long						
Tyrosine-C6:0	Humans	TRUE	C6:0	Short								Methionine-C16:1	Foods	TRUE	C16:1	Long						
Tyrosine-C6:0	Microbes	TRUE	C6:0	Short								Ornithine-C16:1	Microbes	TRUE	C16:1	Long						
Tyrosine-C6:0	Foods	TRUE	C6:0	Short								Phenylalanine-C16:1	Humans	TRUE	C16:1	Long						
Tyrosine-C6:0	Plants	TRUE	C6:0	Short								Phenylalanine-C16:1	Rodents	TRUE	C16:1	Long						
Glutamic acid-C6:1	Humans	TRUE	C6:1	Short								Phenylalanine-C16:1	Microbes	TRUE	C16:1	Long						
Glutamine-C6:1	Humans	TRUE	C6:1	Short								Phenylalanine-C16:1	Foods	TRUE	C16:1	Long						
Glutamine-C6:1	Microbes	TRUE	C6:1	Short								Putrescine-C16:1	Humans	TRUE	C16:1	Long						
Histidine-C6:1	Humans	TRUE	C6:1	Short								Putrescine-C16:1	Microbes	TRUE	C16:1	Long						
Tryptophan-C6:1	Microbes	TRUE	C6:1	Short								Serine-C16:1	Humans	TRUE	C16:1	Long						
Tyramine-C6:1	Plants	TRUE	C6:1	Short								Serine-C16:1	Microbes	TRUE	C16:1	Long						
Glutamine-C6:2	Humans	TRUE	C6:2	Short								Spermidine-C16:1	Rodents	TRUE	C16:1	Long						
												Taurine-C16:1	Rodents	TRUE	C16:1	Long						
												Taurine-C16:1	Microbes	TRUE	C16:1	Long						
												Taurine-C16:1	Foods	TRUE	C16:1	Long						
												Threonine/homoserine-C16:1	Microbes	TRUE	C16:1	Long						
												Tryptamine-C16:1	Humans	TRUE	C16:1	Long						
												Tryptophan-C16:1	Microbes	TRUE	C16:1	Long						
												Tyramine-C16:1	Humans	TRUE	C16:1	Long						
												Tyramine-C16:1	Rodents	TRUE	C16:1	Long						
												Tyramine-C16:1	Microbes	TRUE	C16:1	Long						
												Tyramine-C16:1	Foods	TRUE	C16:1	Long						
												Tyramine-C16:1	Plants	TRUE	C16:1	Long						
												Tyrosine-C16:1	Rodents	TRUE	C16:1	Long						
												Tyrosine-C16:1	Microbes	TRUE	C16:1	Long						
												Tyrosine-C16:1	Foods	TRUE	C16:1	Long						
												Valine-C16:1	Humans	TRUE	C16:1	Long						
												Valine-C16:1	Rodents	TRUE	C16:1	Long						
												2-phenethylamine-C16:2	Microbes	TRUE	C16:2	Long						
												Alanine/Sarcosine-C16:2	Microbes	TRUE	C16:2	Long						
												Glycine-C16:2	Humans	TRUE	C16:2	Long						
												Leucine-C16:2	Humans	TRUE	C16:2	Long						
												Leucine-C16:2	Microbes	TRUE	C16:2	Long						
												Leucine-C16:2	Plants	TRUE	C16:2	Long						
												Glutamic acid-C16:3	Microbes	TRUE	C16:3	Long						
												Tryptamine-C16:4	Humans	TRUE	C16:4	Long						
												2-phenethylamine-C17:0	Microbes	TRUE	C17:0	Long						
												Alanine/Sarcosine-C17:0	Microbes	TRUE	C17:0	Long						
												Arginine-C17:0	Microbes	TRUE	C17:0	Long						
												Citrulline-C17:0	Microbes	TRUE	C17:0	Long						
												Glutamic acid-C17:0	Humans	TRUE	C17:0	Long						
												Glutamic acid-C17:0	Microbes	TRUE	C17:0	Long						
												Leucine-C17:0	Humans	TRUE	C17:0	Long						
												Leucine-C17:0	Microbes	TRUE	C17:0	Long						
												Lysine-C17:0	Rodents	TRUE	C17:0	Long						
												Lysine-C17:0	Microbes	TRUE	C17:0	Long						
												Phenylalanine-C17:0	Humans	TRUE	C17:0	Long						
												Phenylalanine-C17:0	Microbes	TRUE	C17:0	Long						
												Serine-C17:0	Microbes	TRUE	C17:0	Long						
												Threonine/homoserine-C17:0	Microbes	TRUE	C17:0	Long						
												Tryptamine-C17:0	Humans	TRUE	C17:0	Long						
												Tryptophan-C17:0	Microbes	TRUE	C17:0	Long						
												Tyramine-C17:0	Humans	TRUE	C17:0	Long						
												Tyramine-C17:0	Microbes	TRUE	C17:0	Long						
												2-phenethylamine-C17:1	Microbes	TRUE	C17:1	Long						
												Alanine/Sarcosine-C17:1	Microbes	TRUE	C17:1	Long						
												Arginine-C17:1	Microbes	TRUE	C17:1	Long						
												Asparagine-C17:1	Microbes	TRUE	C17:1	Long						
												Glutamic acid-C17:1	Humans	TRUE	C17:1	Long						
												Glutamic acid-C17:1	Microbes	TRUE	C17:1	Long						
												Leucine-C17:1	Humans	TRUE	C17:1	Long						
												Leucine-C17:1	Microbes	TRUE	C17:1	Long						
												Lysine-C17:1	Microbes	TRUE	C17:1	Long						
												Methionine-C17:1	Microbes	TRUE	C17:1	Long						
												Ornithine-C17:1	Microbes	TRUE	C17:1	Long						
												Phenylalanine-C17:1	Humans	TRUE	C17:1	Long						
												Phenylalanine-C17:1	Rodents	TRUE	C17:1	Long						
												Phenylalanine-C17:1	Microbes	TRUE	C17:1	Long						
												Serine-C17:1	Microbes	TRUE	C17:1	Long						
												Threonine/homoserine-C17:1	Microbes	TRUE	C17:1	Long						
												Tryptophan-C17:1	Microbes	TRUE	C17:1	Long						
												Tyramine-C17:1	Microbes	TRUE	C17:1	Long						
												Alanine/Sarcosine-C17:2	Microbes	TRUE	C17:2	Long						
												2-phenethylamine-C18:0	Foods	TRUE	C18:0	Long						
												2-phenethylamine-C18:0	Plants	TRUE	C18:0	Long						
												Alanine/Sarcosine-C18:0	Humans	TRUE	C18:0	Long						
												Alanine/Sarcosine-C18:0	Microbes	TRUE	C18:0	Long						
												Amylamine-C18:0	Humans	TRUE	C18:0	Long						
												Amylamine-C18:0	Rodents	TRUE	C18:0	Long						
												Amylamine-C18:0	Microbes	TRUE	C18:0	Long						
												Amylamine-C18:0	Foods	TRUE	C18:0	Long						
												Amylamine-C18:0	Plants	TRUE	C18:0	Long						
												Arginine-C18:0	Humans	TRUE	C18:0	Long						
												Arginine-C18:0	Rodents	TRUE	C18:0	Long						
												Arginine-C18:0	Microbes	TRUE	C18:0	Long						
												Asparagine-C18:0	Humans	TRUE	C18:0	Long						
												Asparagine-C18:0	Rodents	TRUE	C18:0	Long						
												Cadaverine-C18:0	Humans	TRUE	C18:0	Long						
												Cadaverine-C18:0	Rodents	TRUE	C18:0	Long						
												Cadaverine-C18:0	Microbes	TRUE	C18:0	Long						
												GABA-C18:0	Humans	TRUE	C18:0	Long						
												GABA-C18:0	Foods	TRUE	C18:0	Long						
												Glutamic acid-C18:0	Humans	TRUE	C18:0	Long						
												Glutamic acid-C18:0	Rodents	TRUE	C18:0	Long						
												Glutamic acid-C18:0	Microbes	TRUE	C18:0	Long						
												Glutamic acid-C18:0	Plants	TRUE	C18:0	Long						
												Glycine-C18:0	Humans	TRUE	C18:0	Long						
												Histidine-C18:0	Humans	TRUE	C18:0	Long						
												Histidine-C18:0	Microbes	TRUE	C18:0	Long						
												Leucine-C18:0	Humans	TRUE	C18:0	Long						
												Leucine-C18:0	Rodents	TRUE	C18:0	Long						
												Leucine-C18:0	Microbes	TRUE	C18:0	Long						
												Leucine-C18:0	Foods	TRUE	C18:0	Long						
												Lysine-C18:0	Humans	TRUE	C18:0	Long						
												Lysine-C18:0	Rodents	TRUE	C18:0	Long						
												Lysine-C18:0	Microbes	TRUE	C18:0	Long						
												Methionine-C18:0	Humans	TRUE	C18:0	Long						
												Methionine-C18:0	Rodents	TRUE	C18:0	Long						
												Phenylalanine-C18:0	Humans	TRUE	C18:0	Long						
												Phenylalanine-C18:0	Rodents	TRUE	C18:0	Long						
												Phenylalanine-C18:0	Microbes	TRUE	C18:0	Long						
												Phenylalanine-C18:0	Foods	TRUE	C18:0	Long						
												Putrescine-C18:0	Humans	TRUE	C18:0	Long						
												Serine-C18:0	Rodents	TRUE	C18:0	Long						
												Serine-C18:0	Microbes	TRUE	C18:0	Long						
												Serotonin-C18:0	Foods	TRUE	C18:0	Long						
												Serotonin-C18:0	Plants	TRUE	C18:0	Long						
												Threonine/homoserine-C18:0	Humans	TRUE	C18:0	Long						
												Tryptamine-C18:0	Humans	TRUE	C18:0	Long						
												Tryptophan-C18:0	Humans	TRUE	C18:0	Long						
												Tryptophan-C18:0	Rodents	TRUE	C18:0	Long						
												Tyramine-C18:0	Humans	TRUE	C18:0	Long						
												Tyramine-C18:0	Foods	TRUE	C18:0	Long						
												Tyramine-C18:0	Plants	TRUE	C18:0	Long						
												Tyrosine-C18:0	Humans	TRUE	C18:0	Long						
												Tyrosine-C18:0	Rodents	TRUE	C18:0	Long						
												Valine-C18:0	Humans	TRUE	C18:0	Long						
												Valine-C18:0	Rodents	TRUE	C18:0	Long						
												2-aminovaleric acid-C18:1	Humans	TRUE	C18:1	Long						
												2-aminovaleric acid-C18:1	Rodents	TRUE	C18:1	Long						
												2-phenethylamine-C18:1	Humans	TRUE	C18:1	Long						
												2-phenethylamine-C18:1	Rodents	TRUE	C18:1	Long						
												2-phenethylamine-C18:1	Foods	TRUE	C18:1	Long						
												Alanine/Sarcosine-C18:1	Humans	TRUE	C18:1	Long						
												Alanine/Sarcosine-C18:1	Rodents	TRUE	C18:1	Long						
												Alanine/Sarcosine-C18:1	Microbes	TRUE	C18:1	Long						
												Amylamine-C18:1	Humans	TRUE	C18:1	Long						
												Amylamine-C18:1	Rodents	TRUE	C18:1	Long						
												Amylamine-C18:1	Foods	TRUE	C18:1	Long						
												Amylamine-C18:1	Plants	TRUE	C18:1	Long						
												Arginine-C18:1	Humans	TRUE	C18:1	Long						
												Arginine-C18:1	Rodents	TRUE	C18:1	Long						
												Arginine-C18:1	Microbes	TRUE	C18:1	Long						
												Arginine-C18:1	Foods	TRUE	C18:1	Long						
												Arginine-C18:1	Plants	TRUE	C18:1	Long						
												Asparagine-C18:1	Rodents	TRUE	C18:1	Long						
												Asparagine-C18:1	Foods	TRUE	C18:1	Long						
												Asparagine-C18:1	Plants	TRUE	C18:1	Long						
												Aspartic acid-C18:1	Humans	TRUE	C18:1	Long						
												Aspartic acid-C18:1	Rodents	TRUE	C18:1	Long						
												Citrulline-C18:1	Humans	TRUE	C18:1	Long						
												Citrulline-C18:1	Rodents	TRUE	C18:1	Long						
												Citrulline-C18:1	Foods	TRUE	C18:1	Long						
												GABA-C18:1	Humans	TRUE	C18:1	Long						
												GABA-C18:1	Microbes	TRUE	C18:1	Long						
												GABA-C18:1	Foods	TRUE	C18:1	Long						
												Glutamic acid-C18:1	Humans	TRUE	C18:1	Long						
												Glutamic acid-C18:1	Rodents	TRUE	C18:1	Long						
												Glutamic acid-C18:1	Microbes	TRUE	C18:1	Long						
												Glutamic acid-C18:1	Plants	TRUE	C18:1	Long						
												Glutamine-C18:1	Humans	TRUE	C18:1	Long						
												Glutamine-C18:1	Rodents	TRUE	C18:1	Long						
												Glutamine-C18:1	Microbes	TRUE	C18:1	Long						
												Glutamine-C18:1	Foods	TRUE	C18:1	Long						
												Glycine-C18:1	Humans	TRUE	C18:1	Long						
												Glycine-C18:1	Rodents	TRUE	C18:1	Long						
												Glycine-C18:1	Microbes	TRUE	C18:1	Long						
												Glycine-C18:1	Foods	TRUE	C18:1	Long						
												Histamine-C18:1	Humans	TRUE	C18:1	Long						
												Histidine-C18:1	Humans	TRUE	C18:1	Long						
												Histidine-C18:1	Rodents	TRUE	C18:1	Long						
												Histidine-C18:1	Foods	TRUE	C18:1	Long						
												Leucine-C18:1	Humans	TRUE	C18:1	Long						
												Leucine-C18:1	Rodents	TRUE	C18:1	Long						
												Leucine-C18:1	Microbes	TRUE	C18:1	Long						
												Leucine-C18:1	Foods	TRUE	C18:1	Long						
												Lysine-C18:1	Humans	TRUE	C18:1	Long						
												Lysine-C18:1	Rodents	TRUE	C18:1	Long						
												Lysine-C18:1	Microbes	TRUE	C18:1	Long						
												Lysine-C18:1	Foods	TRUE	C18:1	Long						
												Methionine-C18:1	Humans	TRUE	C18:1	Long						
												Methionine-C18:1	Rodents	TRUE	C18:1	Long						
												Methionine-C18:1	Microbes	TRUE	C18:1	Long						
												Methionine-C18:1	Foods	TRUE	C18:1	Long						
												N-acetylcadaverine-C18:1	Humans	TRUE	C18:1	Long						
												N-acetylcadaverine-C18:1	Rodents	TRUE	C18:1	Long						
												Phenylalanine-C18:1	Humans	TRUE	C18:1	Long						
												Phenylalanine-C18:1	Rodents	TRUE	C18:1	Long						
												Phenylalanine-C18:1	Microbes	TRUE	C18:1	Long						
												Phenylalanine-C18:1	Foods	TRUE	C18:1	Long						
												Putrescine-C18:1	Humans	TRUE	C18:1	Long						
												Putrescine-C18:1	Rodents	TRUE	C18:1	Long						
												Putrescine-C18:1	Microbes	TRUE	C18:1	Long						
												Putrescine-C18:1	Foods	TRUE	C18:1	Long						
												Serine-C18:1	Humans	TRUE	C18:1	Long						
												Serine-C18:1	Rodents	TRUE	C18:1	Long						
												Serine-C18:1	Microbes	TRUE	C18:1	Long						
												Serotonin-C18:1	Humans	TRUE	C18:1	Long						
												Serotonin-C18:1	Foods	TRUE	C18:1	Long						
												Serotonin-C18:1	Plants	TRUE	C18:1	Long						
												Spermidine-C18:1	Rodents	TRUE	C18:1	Long						
												Taurine-C18:1	Humans	TRUE	C18:1	Long						
												Taurine-C18:1	Rodents	TRUE	C18:1	Long						
												Taurine-C18:1	Microbes	TRUE	C18:1	Long						
												Taurine-C18:1	Foods	TRUE	C18:1	Long						
												Threonine/homoserine-C18:1	Humans	TRUE	C18:1	Long						
												Threonine/homoserine-C18:1	Rodents	TRUE	C18:1	Long						
												Tryptamine-C18:1	Humans	TRUE	C18:1	Long						
												Tryptamine-C18:1	Microbes	TRUE	C18:1	Long						
												Tryptamine-C18:1	Foods	TRUE	C18:1	Long						
												Tryptophan-C18:1	Humans	TRUE	C18:1	Long						
												Tryptophan-C18:1	Rodents	TRUE	C18:1	Long						
												Tryptophan-C18:1	Microbes	TRUE	C18:1	Long						
												Tryptophan-C18:1	Foods	TRUE	C18:1	Long						
												Tyramine-C18:1	Humans	TRUE	C18:1	Long						
												Tyramine-C18:1	Microbes	TRUE	C18:1	Long						
												Tyramine-C18:1	Foods	TRUE	C18:1	Long						
												Tyramine-C18:1	Plants	TRUE	C18:1	Long						
												Tyrosine-C18:1	Humans	TRUE	C18:1	Long						
												Tyrosine-C18:1	Rodents	TRUE	C18:1	Long						
												Tyrosine-C18:1	Microbes	TRUE	C18:1	Long						
												Tyrosine-C18:1	Foods	TRUE	C18:1	Long						
												Valine-C18:1	Humans	TRUE	C18:1	Long						
												Valine-C18:1	Rodents	TRUE	C18:1	Long						
												Valine-C18:1	Microbes	TRUE	C18:1	Long						
												Valine-C18:1	Foods	TRUE	C18:1	Long						
												2-aminovaleric acid-C18:2	Humans	TRUE	C18:2	Long						
												2-aminovaleric acid-C18:2	Rodents	TRUE	C18:2	Long						
												2-aminovaleric acid-C18:2	Microbes	TRUE	C18:2	Long						
												2-phenethylamine-C18:2	Humans	TRUE	C18:2	Long						
												2-phenethylamine-C18:2	Rodents	TRUE	C18:2	Long						
												2-phenethylamine-C18:2	Microbes	TRUE	C18:2	Long						
												2-phenethylamine-C18:2	Foods	TRUE	C18:2	Long						
												2-phenethylamine-C18:2	Plants	TRUE	C18:2	Long						
												Alanine/Sarcosine-C18:2	Humans	TRUE	C18:2	Long						
												Alanine/Sarcosine-C18:2	Rodents	TRUE	C18:2	Long						
												Alanine/Sarcosine-C18:2	Microbes	TRUE	C18:2	Long						
												Amylamine-C18:2	Humans	TRUE	C18:2	Long						
												Amylamine-C18:2	Rodents	TRUE	C18:2	Long						
												Amylamine-C18:2	Foods	TRUE	C18:2	Long						
												Amylamine-C18:2	Plants	TRUE	C18:2	Long						
												Arginine-C18:2	Humans	TRUE	C18:2	Long						
												Arginine-C18:2	Rodents	TRUE	C18:2	Long						
												Arginine-C18:2	Microbes	TRUE	C18:2	Long						
												Arginine-C18:2	Foods	TRUE	C18:2	Long						
												Asparagine-C18:2	Rodents	TRUE	C18:2	Long						
												Asparagine-C18:2	Microbes	TRUE	C18:2	Long						
												Asparagine-C18:2	Foods	TRUE	C18:2	Long						
												Asparagine-C18:2	Plants	TRUE	C18:2	Long						
												Aspartic acid-C18:2	Humans	TRUE	C18:2	Long						
												Aspartic acid-C18:2	Rodents	TRUE	C18:2	Long						
												Aspartic acid-C18:2	Plants	TRUE	C18:2	Long						
												Citrulline-C18:2	Humans	TRUE	C18:2	Long						
												Citrulline-C18:2	Rodents	TRUE	C18:2	Long						
												Citrulline-C18:2	Microbes	TRUE	C18:2	Long						
												Citrulline-C18:2	Foods	TRUE	C18:2	Long						
												GABA-C18:2	Humans	TRUE	C18:2	Long						
												GABA-C18:2	Rodents	TRUE	C18:2	Long						
												GABA-C18:2	Microbes	TRUE	C18:2	Long						
												GABA-C18:2	Foods	TRUE	C18:2	Long						
												Glutamine-C18:2	Humans	TRUE	C18:2	Long						
												Glutamine-C18:2	Rodents	TRUE	C18:2	Long						
												Glutamine-C18:2	Microbes	TRUE	C18:2	Long						
												Glutamine-C18:2	Foods	TRUE	C18:2	Long						
												Glutamine-C18:2	Plants	TRUE	C18:2	Long						
												Histidine-C18:2	Humans	TRUE	C18:2	Long						
												Histidine-C18:2	Rodents	TRUE	C18:2	Long						
												Histidine-C18:2	Microbes	TRUE	C18:2	Long						
												Histidine-C18:2	Foods	TRUE	C18:2	Long						
												Histidine-C18:2	Plants	TRUE	C18:2	Long						
												Leucine-C18:2	Humans	TRUE	C18:2	Long						
												Leucine-C18:2	Rodents	TRUE	C18:2	Long						
												Leucine-C18:2	Microbes	TRUE	C18:2	Long						
												Leucine-C18:2	Foods	TRUE	C18:2	Long						
												Lysine-C18:2	Humans	TRUE	C18:2	Long						
												Lysine-C18:2	Rodents	TRUE	C18:2	Long						
												Lysine-C18:2	Microbes	TRUE	C18:2	Long						
												Lysine-C18:2	Foods	TRUE	C18:2	Long						
												Methionine-C18:2	Humans	TRUE	C18:2	Long						
												Methionine-C18:2	Rodents	TRUE	C18:2	Long						
												Methionine-C18:2	Microbes	TRUE	C18:2	Long						
												Methionine-C18:2	Foods	TRUE	C18:2	Long						
												Phenylalanine-C18:2	Humans	TRUE	C18:2	Long						
												Phenylalanine-C18:2	Rodents	TRUE	C18:2	Long						
												Phenylalanine-C18:2	Microbes	TRUE	C18:2	Long						
												Phenylalanine-C18:2	Foods	TRUE	C18:2	Long						
												Putrescine-C18:2	Humans	TRUE	C18:2	Long						
												Putrescine-C18:2	Foods	TRUE	C18:2	Long						
												Serine-C18:2	Humans	TRUE	C18:2	Long						
												Serine-C18:2	Rodents	TRUE	C18:2	Long						
												Serine-C18:2	Microbes	TRUE	C18:2	Long						
												Serine-C18:2	Foods	TRUE	C18:2	Long						
												Serotonin-C18:2	Foods	TRUE	C18:2	Long						
												Serotonin-C18:2	Plants	TRUE	C18:2	Long						
												Spermidine-C18:2	Rodents	TRUE	C18:2	Long						
												Taurine-C18:2	Humans	TRUE	C18:2	Long						
												Taurine-C18:2	Rodents	TRUE	C18:2	Long						
												Taurine-C18:2	Microbes	TRUE	C18:2	Long						
												Taurine-C18:2	Foods	TRUE	C18:2	Long						
												Threonine/homoserine-C18:2	Humans	TRUE	C18:2	Long						
												Threonine/homoserine-C18:2	Rodents	TRUE	C18:2	Long						
												Threonine/homoserine-C18:2	Microbes	TRUE	C18:2	Long						
												Threonine/homoserine-C18:2	Plants	TRUE	C18:2	Long						
												Tryptamine-C18:2	Humans	TRUE	C18:2	Long						
												Tryptophan-C18:2	Humans	TRUE	C18:2	Long						
												Tryptophan-C18:2	Rodents	TRUE	C18:2	Long						
												Tryptophan-C18:2	Microbes	TRUE	C18:2	Long						
												Tryptophan-C18:2	Foods	TRUE	C18:2	Long						
												Tryptophan-C18:2	Plants	TRUE	C18:2	Long						
												Tyramine-C18:2	Humans	TRUE	C18:2	Long						
												Tyramine-C18:2	Rodents	TRUE	C18:2	Long						
												Tyramine-C18:2	Microbes	TRUE	C18:2	Long						
												Tyramine-C18:2	Foods	TRUE	C18:2	Long						
												Tyramine-C18:2	Plants	TRUE	C18:2	Long						
												Tyrosine-C18:2	Humans	TRUE	C18:2	Long						
												Tyrosine-C18:2	Rodents	TRUE	C18:2	Long						
												Tyrosine-C18:2	Microbes	TRUE	C18:2	Long						
												Tyrosine-C18:2	Foods	TRUE	C18:2	Long						
												Valine-C18:2	Humans	TRUE	C18:2	Long						
												Valine-C18:2	Rodents	TRUE	C18:2	Long						
												Valine-C18:2	Microbes	TRUE	C18:2	Long						
												Valine-C18:2	Foods	TRUE	C18:2	Long						
												2-aminovaleric acid-C18:3	Humans	TRUE	C18:3	Long						
												2-aminovaleric acid-C18:3	Plants	TRUE	C18:3	Long						
												2-phenethylamine-C18:3	Microbes	TRUE	C18:3	Long						
												2-phenethylamine-C18:3	Plants	TRUE	C18:3	Long						
												Arginine-C18:3	Rodents	TRUE	C18:3	Long						
												Arginine-C18:3	Foods	TRUE	C18:3	Long						
												Arginine-C18:3	Plants	TRUE	C18:3	Long						
												Asparagine-C18:3	Foods	TRUE	C18:3	Long						
												Asparagine-C18:3	Plants	TRUE	C18:3	Long						
												GABA-C18:3	Microbes	TRUE	C18:3	Long						
												GABA-C18:3	Foods	TRUE	C18:3	Long						
												GABA-C18:3	Plants	TRUE	C18:3	Long						
												Histidine-C18:3	Rodents	TRUE	C18:3	Long						
												Leucine-C18:3	Humans	TRUE	C18:3	Long						
												Leucine-C18:3	Rodents	TRUE	C18:3	Long						
												Leucine-C18:3	Microbes	TRUE	C18:3	Long						
												Leucine-C18:3	Foods	TRUE	C18:3	Long						
												Leucine-C18:3	Plants	TRUE	C18:3	Long						
												Lysine-C18:3	Rodents	TRUE	C18:3	Long						
												Lysine-C18:3	Foods	TRUE	C18:3	Long						
												Methionine-C18:3	Rodents	TRUE	C18:3	Long						
												Methionine-C18:3	Foods	TRUE	C18:3	Long						
												Phenylalanine-C18:3	Humans	TRUE	C18:3	Long						
												Phenylalanine-C18:3	Rodents	TRUE	C18:3	Long						
												Phenylalanine-C18:3	Foods	TRUE	C18:3	Long						
												Phenylalanine-C18:3	Plants	TRUE	C18:3	Long						
												Taurine-C18:3	Rodents	TRUE	C18:3	Long						
												Taurine-C18:3	Microbes	TRUE	C18:3	Long						
												Taurine-C18:3	Foods	TRUE	C18:3	Long						
												Threonine/homoserine-C18:3	Plants	TRUE	C18:3	Long						
												Tryptophan-C18:3	Humans	TRUE	C18:3	Long						
												Tryptophan-C18:3	Rodents	TRUE	C18:3	Long						
												Tryptophan-C18:3	Foods	TRUE	C18:3	Long						
												Tryptophan-C18:3	Plants	TRUE	C18:3	Long						
												Tyramine-C18:3	Humans	TRUE	C18:3	Long						
												Tyramine-C18:3	Plants	TRUE	C18:3	Long						
												Tyrosine-C18:3	Humans	TRUE	C18:3	Long						
												Tyrosine-C18:3	Rodents	TRUE	C18:3	Long						
												Tyrosine-C18:3	Foods	TRUE	C18:3	Long						
												Tyrosine-C18:3	Plants	TRUE	C18:3	Long						
												Valine-C18:3	Humans	TRUE	C18:3	Long						
												Valine-C18:3	Foods	TRUE	C18:3	Long						
												Valine-C18:3	Plants	TRUE	C18:3	Long						
												Leucine-C18:4	Rodents	TRUE	C18:4	Long						
												Leucine-C18:4	Plants	TRUE	C18:4	Long						
												Tyramine-C18:4	Foods	TRUE	C18:4	Long						
												Tyramine-C18:4	Plants	TRUE	C18:4	Long						
												Tryptamine-C19:0	Rodents	TRUE	C19:0	Long						
												2-phenethylamine-C19:1	Microbes	TRUE	C19:1	Long						
												Alanine/Sarcosine-C19:1	Microbes	TRUE	C19:1	Long						
												GABA-C19:1	Humans	TRUE	C19:1	Long						
												Glutamic acid-C19:1	Humans	TRUE	C19:1	Long						
												Leucine-C19:1	Humans	TRUE	C19:1	Long						
												Leucine-C19:1	Microbes	TRUE	C19:1	Long						
												Phenylalanine-C19:1	Humans	TRUE	C19:1	Long						
												Phenylalanine-C19:1	Rodents	TRUE	C19:1	Long						
												Phenylalanine-C19:1	Microbes	TRUE	C19:1	Long						
												Glutamic acid-C19:2	Humans	TRUE	C19:2	Long						
												2-phenethylamine-C20:0	Foods	TRUE	C20:0	Long						
												3-methoxytyramine-C20:0	Foods	TRUE	C20:0	Long						
												3-methoxytyramine-C20:0	Plants	TRUE	C20:0	Long						
												Alanine/Sarcosine-C20:0	Rodents	TRUE	C20:0	Long						
												Amylamine-C20:0	Foods	TRUE	C20:0	Long						
												Amylamine-C20:0	Plants	TRUE	C20:0	Long						
												Leucine-C20:0	Humans	TRUE	C20:0	Long						
												Methionine-C20:0	Rodents	TRUE	C20:0	Long						
												Serotonin-C20:0	Humans	TRUE	C20:0	Long						
												Serotonin-C20:0	Microbes	TRUE	C20:0	Long						
												Serotonin-C20:0	Foods	TRUE	C20:0	Long						
												Serotonin-C20:0	Plants	TRUE	C20:0	Long						
												Tyramine-C20:0	Plants	TRUE	C20:0	Long						
												Leucine-C20:1	Humans	TRUE	C20:1	Long						
												Leucine-C20:1	Rodents	TRUE	C20:1	Long						
												Phenylalanine-C20:1	Humans	TRUE	C20:1	Long						
												Phenylalanine-C20:1	Rodents	TRUE	C20:1	Long						
												Serotonin-C20:1	Foods	TRUE	C20:1	Long						
												Serotonin-C20:1	Plants	TRUE	C20:1	Long						
												Leucine-C20:2	Humans	TRUE	C20:2	Long						
												Leucine-C20:2	Rodents	TRUE	C20:2	Long						
												Phenylalanine-C20:2	Humans	TRUE	C20:2	Long						
												Phenylalanine-C20:2	Rodents	TRUE	C20:2	Long						
												Tyramine-C20:2	Humans	TRUE	C20:2	Long						
												Arginine-C20:3	Rodents	TRUE	C20:3	Long						
												Leucine-C20:3	Humans	TRUE	C20:3	Long						
												Leucine-C20:3	Rodents	TRUE	C20:3	Long						
												Methionine-C20:3	Rodents	TRUE	C20:3	Long						
												Phenylalanine-C20:3	Humans	TRUE	C20:3	Long						
												Phenylalanine-C20:3	Rodents	TRUE	C20:3	Long						
												Tyramine-C20:3	Humans	TRUE	C20:3	Long						
												Tyrosine-C20:3	Rodents	TRUE	C20:3	Long						
												2-aminovaleric acid-C20:4	Humans	TRUE	C20:4	Long						
												2-aminovaleric acid-C20:4	Rodents	TRUE	C20:4	Long						
												2-phenethylamine-C20:4	Humans	TRUE	C20:4	Long						
												2-phenethylamine-C20:4	Microbes	TRUE	C20:4	Long						
												Arginine-C20:4	Rodents	TRUE	C20:4	Long						
												Arginine-C20:4	Foods	TRUE	C20:4	Long						
												GABA-C20:4	Rodents	TRUE	C20:4	Long						
												Glutamic acid-C20:4	Microbes	TRUE	C20:4	Long						
												Glycine-C20:4	Rodents	TRUE	C20:4	Long						
												Histidine-C20:4	Rodents	TRUE	C20:4	Long						
												Histidine-C20:4	Foods	TRUE	C20:4	Long						
												Leucine-C20:4	Humans	TRUE	C20:4	Long						
												Leucine-C20:4	Rodents	TRUE	C20:4	Long						
												Leucine-C20:4	Foods	TRUE	C20:4	Long						
												Lysine-C20:4	Rodents	TRUE	C20:4	Long						
												Lysine-C20:4	Foods	TRUE	C20:4	Long						
												Methionine-C20:4	Rodents	TRUE	C20:4	Long						
												Methionine-C20:4	Foods	TRUE	C20:4	Long						
												Phenylalanine-C20:4	Humans	TRUE	C20:4	Long						
												Phenylalanine-C20:4	Rodents	TRUE	C20:4	Long						
												Phenylalanine-C20:4	Foods	TRUE	C20:4	Long						
												Taurine-C20:4	Rodents	TRUE	C20:4	Long						
												Taurine-C20:4	Foods	TRUE	C20:4	Long						
												Threonine/homoserine-C20:4	Humans	TRUE	C20:4	Long						
												Threonine/homoserine-C20:4	Rodents	TRUE	C20:4	Long						
												Tryptamine-C20:4	Humans	TRUE	C20:4	Long						
												Tryptophan-C20:4	Humans	TRUE	C20:4	Long						
												Tryptophan-C20:4	Rodents	TRUE	C20:4	Long						
												Tyrosine-C20:4	Rodents	TRUE	C20:4	Long						
												Tyrosine-C20:4	Foods	TRUE	C20:4	Long						
												Glutamic acid-C21:0	Humans	TRUE	C21:0	Long						
												Leucine-C21:0	Microbes	TRUE	C21:0	Long						
												Serotonin-C21:0	Foods	TRUE	C21:0	Long						
												Serotonin-C21:0	Plants	TRUE	C21:0	Long						
												Tryptamine-C21:0	Foods	TRUE	C21:0	Long						
												Tryptamine-C21:3	Humans	TRUE	C21:3	Long						